Player ID,Arrival Date,Exit Location,Descision date 0,Descision date 1,Descision date 2,Server Used for Station  0,Server Used for Station  1,Service Start Time for Station 0,Service Start Time for Station 1,Service Time for Station  0,Service Time for Station  1,Service End Time for Station 0,Service End Time for Station 1,Skip Decision for Station 0,Skip Decision for Station 1,Wait for Station 0,Wait for Station 1,Cost for Station 0,Cost for Station 1,Station 0 Expected Cost,Station 1 Expected Cost,Decision at 0,Decision at 1
0,0.217373965112754,0,0.217373965112754,DNF,DNF,0,DNF,0.217373965112754,DNF,1.9104948137479112,DNF,2.127868778860665,DNF,False,DNF,0.0,DNF,1.9104948137479112,DNF,0,DNF,Correct,DNF
1,1.2717168160803027,0,1.2717168160803027,DNF,DNF,1,DNF,1.2717168160803027,DNF,0.29084116704606094,DNF,1.5625579831263636,DNF,False,DNF,0.0,DNF,0.29084116704606094,DNF,1.0,DNF,Correct,DNF
2,1.2889323170823666,1,1.2889323170823666,5.427072016034485,DNF,1,0,1.5625579831263636,5.686570142688906,3.864514032908121,0.2746032399306614,5.427072016034485,5.961173382619567,False,False,0.2736256660439971,0.25949812665442096,4.138139698952118,0.5341013665850823,1.0,1.0,Correct,Correct
3,1.8763872732813893,1,1.8763872732813893,2.7319946083499804,DNF,0,0,2.127868778860665,2.7319946083499804,0.6041258294893153,1.286922493134762,2.7319946083499804,4.0189171014847425,False,False,0.25148150557927584,0.0,0.8556073350685911,1.286922493134762,1.5,0,Correct,Incorrect
4,2.1221536763375,1,2.1221536763375,2.794099411155846,DNF,0,1,2.7319946083499804,2.794099411155846,0.06210480280586535,1.8279884642512343,2.794099411155846,4.622087875407081,False,False,0.6098409320124802,0.0,0.6719457348183456,1.8279884642512343,1.5,1.0,Correct,Incorrect
5,2.545953534171539,1,2.545953534171539,3.749196529752049,DNF,0,0,2.794099411155846,4.0189171014847425,0.9550971185962027,1.6676530412041637,3.749196529752049,5.686570142688906,False,False,0.248145876984307,0.2697205717326936,1.2032429955805097,1.9373736129368573,2.0,1.0,Correct,Incorrect
6,3.327615249924875,0,3.327615249924875,DNF,DNF,0,DNF,3.749196529752049,DNF,2.9131145763508104,DNF,6.662311106102859,DNF,False,DNF,0.4215812798271741,DNF,3.3346958561779845,DNF,2.0,DNF,Correct,DNF
7,4.325934577596913,0,4.325934577596913,DNF,DNF,1,DNF,5.427072016034485,DNF,1.8309534791136552,DNF,7.25802549514814,DNF,False,DNF,1.101137438437572,DNF,2.9320909175512275,DNF,1.5,DNF,Correct,DNF
8,4.355825452529508,0,4.355825452529508,DNF,DNF,0,DNF,6.662311106102859,DNF,1.2084708236829957,DNF,7.870781929785855,DNF,False,DNF,2.3064856535733504,DNF,3.514956477256346,DNF,1.5,DNF,Correct,DNF
9,5.359213553067679,1,5.359213553067679,5.359213553067679,DNF,N/A,1,N\A,5.359213553067679,0,0.5651961140898013,N/A,5.92440966715748,True,False,0,0.0,10,0.5651961140898013,2.5,1.5,Correct,Correct
10,5.981264212970176,1,5.981264212970176,7.39530097708451,DNF,1,0,7.25802549514814,7.39530097708451,0.13727548193636963,0.0718039444075863,7.39530097708451,7.467104921492096,False,False,1.2767612821779641,0.0,1.4140367641143339,0.0718039444075863,2.0,1.0,Correct,Correct
11,6.373545126944678,1,6.373545126944678,6.373545126944678,DNF,N/A,1,N\A,6.373545126944678,0,0.40983835149750436,N/A,6.7833834784421825,True,False,0,0.0,10,0.40983835149750436,2.5,1.5,Correct,Correct
12,7.0585930104076535,0,7.0585930104076535,DNF,DNF,1,DNF,7.39530097708451,DNF,0.003243868281353235,DNF,7.398544845365863,DNF,False,DNF,0.33670796667685643,DNF,0.3399518349582097,DNF,2.0,DNF,Correct,DNF
13,9.3246886597311,1,9.3246886597311,9.427087960812958,DNF,1,1,9.3246886597311,9.427087960812958,0.10239930108185798,1.9261838870336463,9.427087960812958,11.353271847846605,False,False,0.0,0.0,0.10239930108185798,1.9261838870336463,2.0,1.0,Correct,Incorrect
14,9.783834570091999,1,9.783834570091999,10.195284470890666,DNF,0,0,9.783834570091999,10.195284470890666,0.41144990079866617,0.22094663824255845,10.195284470890666,10.416231109133225,False,False,0.0,0.0,0.41144990079866617,0.22094663824255845,1.0,1.0,Correct,Correct
15,10.593021512637614,1,10.593021512637614,10.83380905882787,DNF,1,0,10.593021512637614,10.83380905882787,0.2407875461902542,1.3347404694210927,10.83380905882787,12.168549528248962,False,False,0.0,0.0,0.2407875461902542,1.3347404694210927,1.0,1.0,Correct,Incorrect
16,10.599903484861724,1,10.599903484861724,11.18176432836471,DNF,0,0,10.599903484861724,12.168549528248962,0.5818608435029865,0.13653271032955575,11.18176432836471,12.305082238578517,False,False,0.0,0.9867851998842507,0.5818608435029865,1.1233179102138064,1.0,1.5,Correct,Incorrect
17,10.972431418287464,1,10.972431418287464,11.159155244635993,DNF,1,1,10.972431418287464,11.353271847846605,0.18672382634852985,0.9335890476343377,11.159155244635993,12.286860895480942,False,False,0.0,0.19411660321061142,0.18672382634852985,1.1277056508449492,1.0,1.0,Correct,Incorrect
18,12.087731576490118,1,12.087731576490118,12.934056896534358,DNF,1,1,12.087731576490118,12.934056896534358,0.8463253200442395,0.41369066817768546,12.934056896534358,13.347747564712042,False,False,0.0,0.0,0.8463253200442395,0.41369066817768546,1.0,2.0,Correct,Correct
19,12.29869614047241,1,12.29869614047241,13.064812447123014,DNF,0,0,12.29869614047241,13.064812447123014,0.7661163066506036,0.41901267334451403,13.064812447123014,13.483825120467529,False,False,0.0,0.0,0.7661163066506036,0.41901267334451403,1.0,1.0,Correct,Correct
20,12.758437041454695,0,12.758437041454695,DNF,DNF,1,DNF,12.934056896534358,DNF,0.4065595785052147,DNF,13.340616475039573,DNF,False,DNF,0.17561985507966327,DNF,0.582179433584878,DNF,1.0,DNF,Correct,DNF
21,13.14321860196801,1,13.14321860196801,14.422291226653705,DNF,0,0,13.14321860196801,14.422291226653705,1.2790726246856938,0.8348033128570357,14.422291226653705,15.25709453951074,False,False,0.0,0.0,1.2790726246856938,0.8348033128570357,1.5,1.0,Correct,Correct
22,13.696929507436838,1,13.696929507436838,18.294064872879304,DNF,1,0,13.696929507436838,19.199747720320623,4.597135365442467,0.3202071983828646,18.294064872879304,19.519954918703487,False,False,0.0,0.9056828474413194,4.597135365442467,1.2258900458241841,1.0,2.0,Correct,Incorrect
23,13.911227130355616,1,13.911227130355616,15.014424183671224,DNF,0,0,14.422291226653705,15.25709453951074,0.592132957017519,2.6628706622957594,15.014424183671224,17.919965201806498,False,False,0.5110640962980888,0.24267035583951646,1.1031970533156077,2.905541018135276,1.0,1.0,Correct,Incorrect
24,14.094341192700869,False,14.094341192700869,16.850306387723712,16.850306387723712,0,N/A,15.014424183671224,N\A,1.8358822040524885,0,16.850306387723712,N/A,False,True,0.9200829909703554,0,2.755965195022844,1,1.5,2.5,Correct,Correct
25,14.324925765091713,1,14.324925765091713,14.324925765091713,DNF,N/A,1,N\A,14.324925765091713,0,0.31355893791812933,N/A,14.638484703009842,True,False,0,0.0,10,0.31355893791812933,2.5,1.0,Correct,Correct
26,14.652857385231984,0,14.652857385231984,DNF,DNF,0,DNF,16.850306387723712,DNF,3.298716017607212,DNF,20.149022405330925,DNF,False,DNF,2.1974490024917284,DNF,5.496165020098941,DNF,2.0,DNF,Correct,DNF
27,14.852471726474278,1,14.852471726474278,14.852471726474278,DNF,N/A,1,N\A,14.852471726474278,0,1.0992800924481798,N/A,15.951751818922457,True,False,0,0.0,10,1.0992800924481798,2.5,1.0,Correct,Incorrect
28,15.151771668133916,0,15.151771668133916,DNF,DNF,1,DNF,18.294064872879304,DNF,1.7347153370100445,DNF,20.028780209889348,DNF,False,DNF,3.1422932047453873,DNF,4.877008541755432,DNF,2.0,DNF,Correct,DNF
29,15.570114027234364,1,15.570114027234364,15.570114027234364,DNF,N/A,1,N\A,15.951751818922457,0,1.2691657760540562,N/A,17.220917594976513,True,False,0,0.3816377916880924,10,1.6508035677421486,2.5,1.5,Correct,Incorrect
30,15.580710001338367,1,15.580710001338367,15.580710001338367,DNF,N/A,1,N\A,17.220917594976513,0,2.234334838975381,N/A,19.455252433951895,True,False,0,1.640207593638145,10,3.8745424326135263,2.5,1.5,Correct,Incorrect
31,16.212315049261676,1,16.212315049261676,16.212315049261676,DNF,N/A,0,N\A,17.919965201806498,0,0.6378624325358,N/A,18.5578276343423,True,False,0,1.7076501525448222,10,2.3455125850806224,2.5,2.0,Correct,Incorrect
32,16.6183780250532,False,16.6183780250532,16.6183780250532,16.6183780250532,N/A,N/A,N\A,N\A,0,0,N/A,N/A,True,True,0,0,10,1,2.5,2.5,Correct,Correct
33,17.051965588455833,0,17.051965588455833,DNF,DNF,1,DNF,20.028780209889348,DNF,1.238730733664837,DNF,21.267510943554186,DNF,False,DNF,2.9768146214335154,DNF,4.215545355098352,DNF,2.0,DNF,Correct,DNF
34,17.628568284010083,1,17.628568284010083,17.628568284010083,DNF,N/A,0,N\A,18.5578276343423,0,0.641920085978323,N/A,19.199747720320623,True,False,0,0.9292593503322166,10,1.5711794363105396,2.5,2.0,Correct,Incorrect
35,17.68225314359566,False,17.68225314359566,17.68225314359566,17.68225314359566,N/A,N/A,N\A,N\A,0,0,N/A,N/A,True,True,0,0,10,1,2.5,2.5,Correct,Correct
36,19.21069078360722,0,19.21069078360722,DNF,DNF,0,DNF,20.149022405330925,DNF,0.6478613812247144,DNF,20.79688378655564,DNF,False,DNF,0.9383316217237052,DNF,1.5861930029484195,DNF,2.0,DNF,Correct,DNF
37,19.61438426934957,1,19.61438426934957,19.61438426934957,DNF,N/A,1,N\A,19.61438426934957,0,0.43988999591812533,N/A,20.054274265267697,True,False,0,0.0,10,0.43988999591812533,2.5,2.0,Correct,Correct
38,20.460116424815713,1,20.460116424815713,21.133733002572097,DNF,0,0,20.79688378655564,21.133733002572097,0.33684921601645607,0.5535933176978585,21.133733002572097,21.687326320269953,False,False,0.33676736173992694,0.0,0.673616577756383,0.5535933176978585,2.0,1.0,Correct,Correct
39,20.92442243979436,1,20.92442243979436,22.46536666129794,DNF,0,1,21.133733002572097,22.46536666129794,1.3316336587258428,0.5135581303831988,22.46536666129794,22.978924791681138,False,False,0.20931056277773763,0.0,1.5409442215035805,0.5135581303831988,2.0,1.0,Correct,Correct
40,21.108374924190343,1,21.108374924190343,21.513469940884846,DNF,1,1,21.267510943554186,21.513469940884846,0.24595899733066115,0.09378013144515994,21.513469940884846,21.607250072330007,False,False,0.15913601936384225,0.0,0.40509501669450343,0.09378013144515994,1.5,1.0,Correct,Correct
41,21.241790894312945,1,21.241790894312945,22.823960586553415,DNF,1,0,21.513469940884846,22.823960586553415,1.310490645668569,1.1026949770072854,22.823960586553415,23.9266555635607,False,False,0.2716790465719008,0.0,1.5821696922404698,1.1026949770072854,2.0,1.0,Correct,Incorrect
42,21.519710446885554,0,21.519710446885554,DNF,DNF,0,DNF,22.46536666129794,DNF,5.393130749818179,DNF,27.85849741111612,DNF,False,DNF,0.9456562144123843,DNF,6.338786964230564,DNF,2.0,DNF,Correct,DNF
43,21.670197619233775,False,21.670197619233775,22.965161214432037,22.965161214432037,1,N/A,22.823960586553415,N\A,0.14120062787862103,0,22.965161214432037,N/A,False,True,1.15376296731964,0,1.294963595198261,1,1.5,2.5,Correct,Correct
44,22.76707298647309,0,22.76707298647309,DNF,DNF,1,DNF,22.965161214432037,DNF,2.589566832306933,DNF,25.55472804673897,DNF,False,DNF,0.19808822795894798,DNF,2.787655060265881,DNF,2.0,DNF,Correct,DNF
45,22.860276256251005,False,22.860276256251005,25.865642164549943,25.865642164549943,1,N/A,25.55472804673897,N\A,0.31091411781097333,0,25.865642164549943,N/A,False,True,2.694451790487964,0,3.0053659082989372,1,2.0,2.5,Correct,Correct
46,22.866742987642716,1,22.866742987642716,22.866742987642716,DNF,N/A,1,N\A,22.978924791681138,0,0.4894789658431985,N/A,23.468403757524335,True,False,0,0.11218180403842126,10,0.6016607698816198,2.5,1.0,Correct,Correct
47,22.924269498843337,1,22.924269498843337,22.924269498843337,DNF,N/A,1,N\A,23.468403757524335,0,1.4894923135103815,N/A,24.957896071034718,True,False,0,0.5441342586809981,10,2.0336265721913795,2.5,1.5,Correct,Incorrect
48,23.01264861948165,1,23.01264861948165,27.24400199888818,DNF,1,0,25.865642164549943,27.24400199888818,1.3783598343382355,0.1782399296808105,27.24400199888818,27.42224192856899,False,False,2.852993545068294,0.0,4.23135337940653,0.1782399296808105,2.0,2.0,Correct,Correct
49,23.366374110894508,1,23.366374110894508,23.366374110894508,DNF,N/A,0,N\A,23.9266555635607,0,0.4568815181328535,N/A,24.383537081693554,True,False,0,0.5602814526661923,10,1.017162970799046,2.5,2.0,Correct,Incorrect
50,24.238766532864606,1,24.238766532864606,24.238766532864606,DNF,N/A,0,N\A,24.383537081693554,0,0.7362709689255696,N/A,25.119808050619124,True,False,0,0.1447705488289479,10,0.8810415177545176,2.5,2.0,Correct,Correct
51,24.524925086812896,1,24.524925086812896,24.524925086812896,DNF,N/A,1,N\A,24.957896071034718,0,2.272757542532777,N/A,27.230653613567494,True,False,0,0.43297098422182145,10,2.7057285267545983,2.5,2.0,Correct,Incorrect
52,24.807607359115963,1,24.807607359115963,24.807607359115963,DNF,N/A,0,N\A,25.119808050619124,0,1.1951769972093937,N/A,26.314985047828518,True,False,0,0.3122006915031612,10,1.507377688712555,2.5,1.5,Correct,Incorrect
53,24.991471506877783,1,24.991471506877783,24.991471506877783,DNF,N/A,0,N\A,26.314985047828518,0,0.25851482635839496,N/A,26.573499874186915,True,False,0,1.323513540950735,10,1.58202836730913,2.5,2.0,Correct,Incorrect
54,25.728924225772303,1,25.728924225772303,28.641715150004742,DNF,1,1,27.24400199888818,29.449993042645943,1.3977131511165641,1.6010085507727176,28.641715150004742,31.05100159341866,False,False,1.5150777731158769,0.8082778926412004,2.912790924232441,2.409286443413918,2.0,1.0,Correct,Incorrect
55,25.73793623062882,1,25.73793623062882,25.73793623062882,DNF,N/A,0,N\A,26.573499874186915,0,0.03256149848470956,N/A,26.606061372671626,True,False,0,0.8355636435580962,10,0.8681251420428058,2.5,2.0,Correct,Correct
56,25.994018420658993,1,25.994018420658993,27.955557040869508,DNF,0,1,27.85849741111612,27.955557040869508,0.09705962975338984,1.4944360017764369,27.955557040869508,29.449993042645943,False,False,1.8644789904571262,0.0,1.961538620210516,1.4944360017764369,2.0,1.5,Correct,Incorrect
57,27.647752594768875,1,27.647752594768875,28.639128596441466,DNF,0,0,27.955557040869508,28.639128596441466,0.6835715555719606,0.8890566531380504,28.639128596441466,29.528185249579515,False,False,0.30780444610063284,0.0,0.9913760016725934,0.8890566531380504,2.0,1.0,Correct,Correct
58,29.590704012143632,1,29.590704012143632,30.134235995885355,DNF,0,0,29.590704012143632,30.134235995885355,0.543531983741724,3.502311371779323,30.134235995885355,33.636547367664676,False,False,0.0,0.0,0.543531983741724,3.502311371779323,2.0,1.5,Correct,Incorrect
59,30.5593119575783,1,30.5593119575783,31.710484064740083,DNF,1,0,30.5593119575783,33.636547367664676,1.1511721071617846,0.19028138105773348,31.710484064740083,33.826828748722406,False,False,0.0,1.926063302924593,1.1511721071617846,2.1163446839823266,1.0,1.0,Correct,Incorrect
60,31.038271400623458,1,31.038271400623458,31.295949522664372,DNF,0,1,31.038271400623458,31.295949522664372,0.25767812204091406,3.1398183217835656,31.295949522664372,34.43576784444794,False,False,0.0,0.0,0.25767812204091406,3.1398183217835656,1.0,1.0,Correct,Incorrect
61,31.546039117413407,0,31.546039117413407,DNF,DNF,0,DNF,31.546039117413407,DNF,0.2610752636845514,DNF,31.807114381097957,DNF,False,DNF,0.0,DNF,0.2610752636845514,DNF,1.0,DNF,Correct,DNF
62,31.58682055837573,1,31.58682055837573,31.88013828694739,DNF,1,0,31.710484064740083,33.826828748722406,0.16965422220730478,3.4595715380237464,31.88013828694739,37.28640028674615,False,False,0.12366350636435186,1.9466904617750167,0.2933177285716566,5.4062619997987635,1.0,1.5,Correct,Incorrect
63,32.352437732352676,0,32.352437732352676,DNF,DNF,0,DNF,32.352437732352676,DNF,0.6565887323876867,DNF,33.009026464740366,DNF,False,DNF,0.0,DNF,0.6565887323876867,DNF,1.5,DNF,Correct,DNF
64,32.99987271832785,False,32.99987271832785,33.249195470089596,33.249195470089596,1,N/A,32.99987271832785,N\A,0.24932275176174548,0,33.249195470089596,N/A,False,True,0.0,0,0.24932275176174548,1,1.0,2.5,Correct,Correct
65,33.07519930573404,False,33.07519930573404,33.11752440342836,33.11752440342836,0,N/A,33.07519930573404,N\A,0.04232509769432628,0,33.11752440342836,N/A,False,True,0.0,0,0.04232509769432628,1,1.0,2.5,Correct,Correct
66,33.09461524014233,False,33.09461524014233,33.24930134815363,33.24930134815363,0,N/A,33.11752440342836,N\A,0.13177694472526877,0,33.24930134815363,N/A,False,True,0.02290916328603032,0,0.1546861080112991,1,1.0,2.5,Correct,Correct
67,33.40386558492669,1,33.40386558492669,33.69650085908496,DNF,1,1,33.40386558492669,34.43576784444794,0.2926352741582693,1.5593225488008098,33.69650085908496,35.995090393248745,False,False,0.0,0.7392669853629741,0.2926352741582693,2.298589534163784,1.5,2.0,Correct,Incorrect
68,33.64368029870116,1,33.64368029870116,34.57676315074872,DNF,0,1,33.64368029870116,35.995090393248745,0.9330828520475579,0.9797599931047916,34.57676315074872,36.97485038635354,False,False,0.0,1.4183272425000268,0.9330828520475579,2.3980872356048186,1.0,2.0,Correct,Incorrect
69,35.32040449027784,1,35.32040449027784,36.81432449892136,DNF,1,1,35.32040449027784,36.97485038635354,1.4939200086435196,0.5749548491256417,36.81432449892136,37.54980523547918,False,False,0.0,0.1605258874321791,1.4939200086435196,0.7354807365578208,1.0,2.0,Correct,Correct
70,35.396142284358284,0,35.396142284358284,DNF,DNF,0,DNF,35.396142284358284,DNF,1.9944299810424848,DNF,37.39057226540077,DNF,False,DNF,0.0,DNF,1.9944299810424848,DNF,1.0,DNF,Correct,DNF
71,35.72939770779946,1,35.72939770779946,37.44114325402063,DNF,1,0,36.81432449892136,37.46621301597663,0.6268187550992712,1.337702656554575,37.44114325402063,38.803915672531204,False,False,1.0849267911219016,0.025069761955997194,1.7117455462211728,1.3627724185105723,1.0,1.0,Correct,Incorrect
72,36.73163602625231,0,36.73163602625231,DNF,DNF,0,DNF,37.39057226540077,DNF,0.7642117464451279,DNF,38.1547840118459,DNF,False,DNF,0.6589362391484599,DNF,1.4231479855935878,DNF,1.5,DNF,Correct,DNF
73,36.993992892912324,1,36.993992892912324,38.85583108063326,DNF,1,1,37.44114325402063,38.85583108063326,1.4146878266126313,0.8852172194995808,38.85583108063326,39.74104830013284,False,False,0.4471503611083065,0.0,1.8618381877209378,0.8852172194995808,2.0,1.5,Correct,Correct
74,37.309780528758445,1,37.309780528758445,37.309780528758445,DNF,N/A,0,N\A,37.309780528758445,0,0.15643248721818284,N/A,37.46621301597663,True,False,0,0.0,10,0.15643248721818284,2.5,1.5,Correct,Correct
75,38.06667806827542,0,38.06667806827542,DNF,DNF,0,DNF,38.1547840118459,DNF,0.19705798683254797,DNF,38.351841998678445,DNF,False,DNF,0.08810594357047563,DNF,0.28516393040302357,DNF,2.0,DNF,Correct,DNF
76,39.293936416922286,1,39.293936416922286,39.792827495257626,DNF,0,1,39.293936416922286,39.792827495257626,0.49889107833534013,0.8973466209504194,39.792827495257626,40.69017411620805,False,False,0.0,0.0,0.49889107833534013,0.8973466209504194,1.5,1.0,Correct,Correct
77,39.33735831753747,1,39.33735831753747,39.36315329598406,DNF,1,0,39.33735831753747,39.36315329598406,0.02579497844659111,1.502992510095624,39.36315329598406,40.866145806079686,False,False,0.0,0.0,0.02579497844659111,1.502992510095624,1.0,1.0,Correct,Incorrect
78,39.75198590940913,1,39.75198590940913,40.54743696540154,DNF,1,1,39.75198590940913,40.69017411620805,0.7954510559924111,3.013168836471193,40.54743696540154,43.70334295267924,False,False,0.0,0.14273715080651073,0.7954510559924111,3.1559059872777038,1.0,1.0,Correct,Incorrect
79,40.20374218608841,0,40.20374218608841,DNF,DNF,0,DNF,40.20374218608841,DNF,3.109336348524537,DNF,43.31307853461295,DNF,False,DNF,0.0,DNF,3.109336348524537,DNF,1.0,DNF,Correct,DNF
80,40.729232683340314,0,40.729232683340314,DNF,DNF,1,DNF,40.729232683340314,DNF,1.8679327071235552,DNF,42.59716539046387,DNF,False,DNF,0.0,DNF,1.8679327071235552,DNF,1.0,DNF,Correct,DNF
81,41.0686358607615,1,41.0686358607615,42.618725573096505,DNF,1,0,42.59716539046387,43.08557662102062,0.021560182632630584,1.246104687130237,42.618725573096505,44.331681308150856,False,False,1.528529529702368,0.46685104792411636,1.5500897123349986,1.7129557350543534,1.0,1.0,Correct,Incorrect
82,41.12928575284342,0,41.12928575284342,DNF,DNF,1,DNF,42.618725573096505,DNF,0.02676080073732081,DNF,42.645486373833826,DNF,False,DNF,1.4894398202530823,DNF,1.516200620990403,DNF,1.5,DNF,Correct,DNF
83,41.25515854080227,1,41.25515854080227,41.25515854080227,DNF,N/A,0,N\A,41.25515854080227,0,0.17763685003111962,N/A,41.43279539083339,True,False,0,0.0,10,0.17763685003111962,2.5,1.5,Correct,Correct
84,42.21616578625941,1,42.21616578625941,42.21616578625941,DNF,N/A,0,N\A,42.21616578625941,0,0.8694108347612127,N/A,43.08557662102062,True,False,0,0.0,10,0.8694108347612127,2.5,1.0,Correct,Correct
85,44.421325094700315,1,44.421325094700315,44.911593952341754,DNF,1,1,44.421325094700315,44.911593952341754,0.4902688576414386,0.5049958791979826,44.911593952341754,45.41658983153974,False,False,0.0,0.0,0.4902688576414386,0.5049958791979826,2.0,1.5,Correct,Correct
86,44.91820788422118,1,44.91820788422118,46.04311289326788,DNF,0,0,44.91820788422118,46.04311289326788,1.124905009046699,0.4705235353905794,46.04311289326788,46.51363642865846,False,False,0.0,0.0,1.124905009046699,0.4705235353905794,1.0,1.0,Correct,Correct
87,45.28272959334798,0,45.28272959334798,DNF,DNF,1,DNF,45.28272959334798,DNF,0.13607948018827146,DNF,45.41880907353625,DNF,False,DNF,0.0,DNF,0.13607948018827146,DNF,1.0,DNF,Correct,DNF
88,46.530161607478995,0,46.530161607478995,DNF,DNF,1,DNF,46.530161607478995,DNF,0.2636162828038108,DNF,46.793777890282804,DNF,False,DNF,0.0,DNF,0.2636162828038108,DNF,1.0,DNF,Correct,DNF
89,46.608527952702765,False,46.608527952702765,49.53817058071226,49.53817058071226,0,N/A,46.608527952702765,N\A,2.9296426280094945,0,49.53817058071226,N/A,False,True,0.0,0,2.9296426280094945,1,1.0,2.5,Correct,Correct
90,46.65034024044896,0,46.65034024044896,DNF,DNF,1,DNF,46.793777890282804,DNF,0.1980385019526185,DNF,46.99181639223542,DNF,False,DNF,0.14343764983384233,DNF,0.34147615178646085,DNF,1.0,DNF,Correct,DNF
91,46.860322747922524,1,46.860322747922524,47.14713223211615,DNF,1,1,46.99181639223542,47.14713223211615,0.15531583988072606,2.596490499425181,47.14713223211615,49.74362273154133,False,False,0.13149364431289712,0.0,0.2868094841936232,2.596490499425181,1.5,1.0,Correct,Incorrect
92,47.33437563825219,1,47.33437563825219,48.58128021376417,DNF,1,1,47.33437563825219,49.74362273154133,1.246904575511977,0.47524390686487217,48.58128021376417,50.218866638406205,False,False,0.0,1.1623425177771622,1.246904575511977,1.6375864246420344,1.5,1.0,Correct,Incorrect
93,47.79176916344901,0,47.79176916344901,DNF,DNF,1,DNF,48.58128021376417,DNF,0.5746613482232542,DNF,49.15594156198742,DNF,False,DNF,0.7895110503151557,DNF,1.3641723985384098,DNF,1.0,DNF,Correct,DNF
94,48.05816275927442,0,48.05816275927442,DNF,DNF,1,DNF,49.15594156198742,DNF,0.443477348737334,DNF,49.59941891072475,DNF,False,DNF,1.0977788027130018,DNF,1.5412561514503358,DNF,1.5,DNF,Correct,DNF
95,48.42772216432969,1,48.42772216432969,48.42772216432969,DNF,N/A,0,N\A,48.42772216432969,0,2.308507528460581,N/A,50.73622969279027,True,False,0,0.0,10,2.308507528460581,2.5,1.0,Correct,Incorrect
96,48.80760001358055,1,48.80760001358055,50.01731658037535,DNF,0,0,49.53817058071226,50.73622969279027,0.47914599966309046,0.0812915744131298,50.01731658037535,50.8175212672034,False,False,0.7305705671317142,0.7189131124149171,1.2097165667948047,0.8002046868280469,2.0,2.0,Correct,Correct
97,48.80983618786368,1,48.80983618786368,48.80983618786368,DNF,N/A,1,N\A,50.218866638406205,0,0.6043669684205499,N/A,50.823233606826754,True,False,0,1.4090304505425237,10,2.0133974189630734,2.5,1.5,Correct,Incorrect
98,49.2553202635282,False,49.2553202635282,50.090552096147334,50.090552096147334,1,N/A,49.59941891072475,N\A,0.4911331854225848,0,50.090552096147334,N/A,False,True,0.34409864719655303,0,0.8352318326191378,1,2.0,2.5,Correct,Correct
99,49.316641835582196,False,49.316641835582196,49.316641835582196,49.316641835582196,N/A,N/A,N\A,N\A,0,0,N/A,N/A,True,True,0,0,10,1,2.5,2.5,Correct,Correct
100,49.963944154034444,1,49.963944154034444,51.02606880447987,DNF,0,0,50.01731658037535,51.02606880447987,1.0087522241045186,0.6035257269086143,51.02606880447987,51.629594531388484,False,False,0.053372426340907,0.0,1.0621246504454256,0.6035257269086143,2.0,2.0,Correct,Correct
101,51.54985388646115,1,51.54985388646115,52.0370283906412,DNF,1,1,51.54985388646115,52.0370283906412,0.4871745041800491,1.0642346906462805,52.0370283906412,53.10126308128748,False,False,0.0,0.0,0.4871745041800491,1.0642346906462805,2.0,1.5,Correct,Incorrect
102,51.71399758023885,1,51.71399758023885,53.44409508549184,DNF,0,0,51.71399758023885,53.44409508549184,1.7300975052529863,1.2431029226660377,53.44409508549184,54.68719800815788,False,False,0.0,0.0,1.7300975052529863,1.2431029226660377,1.0,1.0,Correct,Incorrect
103,51.99940061010485,1,51.99940061010485,54.53035952563559,DNF,1,1,52.0370283906412,54.53035952563559,2.4933311349943885,0.30084398926547734,54.53035952563559,54.83120351490107,False,False,0.03762778053634719,0.0,2.5309589155307357,0.30084398926547734,1.0,1.0,Correct,Correct
104,52.00207360833483,1,52.00207360833483,57.79304857939264,DNF,0,1,53.44409508549184,59.060008830036566,4.348953493900802,0.3526372065730291,57.79304857939264,59.412646036609594,False,False,1.442021477157006,1.2669602506439261,5.790974971057808,1.6195974572169551,1.5,2.0,Correct,Incorrect
105,54.475626877227896,0,54.475626877227896,DNF,DNF,1,DNF,54.53035952563559,DNF,0.4574560268581908,DNF,54.98781555249378,DNF,False,DNF,0.05473264840769332,DNF,0.5121886752658842,DNF,2.0,DNF,Correct,DNF
106,54.87059996552684,1,54.87059996552684,56.54675477885184,DNF,1,1,54.98781555249378,57.64373417525441,1.5589392263580624,1.416274654782156,56.54675477885184,59.060008830036566,False,False,0.11721558696693535,1.096979396402567,1.6761548133249977,2.513254051184723,1.5,1.0,Correct,Incorrect
107,54.922789712068294,0,54.922789712068294,DNF,DNF,1,DNF,56.54675477885184,DNF,0.4478990210929961,DNF,56.994653799944835,DNF,False,DNF,1.6239650667835477,DNF,2.071864087876544,DNF,1.5,DNF,Correct,DNF
108,55.086808284286384,False,55.086808284286384,57.89173691555733,57.89173691555733,1,N/A,56.994653799944835,N\A,0.8970831156124938,0,57.89173691555733,N/A,False,True,1.907845515658451,0,2.8049286312709447,1,2.0,2.5,Correct,Correct
109,55.888813064020425,1,55.888813064020425,55.888813064020425,DNF,N/A,0,N\A,55.888813064020425,0,2.8141667273603193,N/A,58.70297979138074,True,False,0,0.0,10,2.8141667273603193,2.5,1.0,Correct,Incorrect
110,56.10039421138292,1,56.10039421138292,56.10039421138292,DNF,N/A,1,N\A,56.10039421138292,0,0.1570875762944238,N/A,56.25748178767734,True,False,0,0.0,10,0.1570875762944238,2.5,1.0,Correct,Correct
111,56.53458847454192,1,56.53458847454192,56.53458847454192,DNF,N/A,1,N\A,56.53458847454192,0,1.10914570071249,N/A,57.64373417525441,True,False,0,0.0,10,1.10914570071249,2.5,1.0,Correct,Incorrect
112,56.57035743450507,0,56.57035743450507,DNF,DNF,0,DNF,57.79304857939264,DNF,1.8187333657697002,DNF,59.61178194516234,DNF,False,DNF,1.2226911448875697,DNF,3.04142451065727,DNF,2.0,DNF,Correct,DNF
113,56.659570271283116,1,56.659570271283116,56.659570271283116,DNF,N/A,0,N\A,58.70297979138074,0,0.5169765827577002,N/A,59.21995637413844,True,False,0,2.043409520097626,10,2.5603861028553263,2.5,1.5,Correct,Incorrect
114,56.69904915113046,False,56.69904915113046,56.69904915113046,56.69904915113046,N/A,N/A,N\A,N\A,0,0,N/A,N/A,True,True,0,0,10,1,2.5,2.5,Correct,Correct
115,56.85122355636959,False,56.85122355636959,56.85122355636959,56.85122355636959,N/A,N/A,N\A,N\A,0,0,N/A,N/A,True,True,0,0,10,1,2.5,2.5,Correct,Correct
116,56.86579198050267,False,56.86579198050267,56.86579198050267,56.86579198050267,N/A,N/A,N\A,N\A,0,0,N/A,N/A,True,True,0,0,10,1,2.5,2.5,Correct,Correct
117,57.56669426964695,False,57.56669426964695,58.07209617516236,58.07209617516236,1,N/A,57.89173691555733,N\A,0.18035925960502355,0,58.07209617516236,N/A,False,True,0.32504264591037924,0,0.5054019055154028,1,2.0,2.5,Correct,Correct
118,57.61910209246523,False,57.61910209246523,57.61910209246523,57.61910209246523,N/A,N/A,N\A,N\A,0,0,N/A,N/A,True,True,0,0,10,1,2.5,2.5,Correct,Correct
119,57.888448975884636,1,57.888448975884636,62.83991105711567,DNF,1,0,58.07209617516236,63.538260805699565,4.767814881953317,1.4554342046136337,62.83991105711567,64.9936950103132,False,False,0.183647199277722,0.6983497485838939,4.951462081231039,2.153783953197528,2.0,1.5,Correct,Incorrect
120,58.30755628138792,1,58.30755628138792,60.34305100098123,DNF,0,1,59.61178194516234,60.34305100098123,0.7312690558188814,0.20548397221386885,60.34305100098123,60.548534973195096,False,False,1.3042256637744245,0.0,2.0354947195933057,0.20548397221386885,2.0,1.0,Correct,Correct
121,59.05752811861507,1,59.05752811861507,60.74946313948036,DNF,0,0,60.34305100098123,60.74946313948036,0.4064121384991353,1.8753195216387069,60.74946313948036,62.62478266111907,False,False,1.285522882366159,0.0,1.6919350208652943,1.8753195216387069,1.5,1.5,Correct,Incorrect
122,59.681414498493886,False,59.681414498493886,61.34890912871953,61.34890912871953,0,N/A,60.74946313948036,N\A,0.5994459892391673,0,61.34890912871953,N/A,False,True,1.0680486409864756,0,1.6674946302256428,1,2.0,2.5,Correct,Correct
123,60.227326258800844,1,60.227326258800844,60.227326258800844,DNF,N/A,0,N\A,60.227326258800844,0,0.4259464605106015,N/A,60.653272719311445,True,False,0,0.0,10,0.4259464605106015,2.5,2.0,Correct,Correct
124,60.45207741749341,False,60.45207741749341,61.55032187120875,61.55032187120875,0,N/A,61.34890912871953,N\A,0.2014127424892268,0,61.55032187120875,N/A,False,True,0.8968317112261133,0,1.0982444537153402,1,2.0,2.5,Correct,Correct
125,60.51416792362203,1,60.51416792362203,60.51416792362203,DNF,N/A,1,N\A,60.548534973195096,0,2.239266575349433,N/A,62.78780154854453,True,False,0,0.03436704957306347,10,2.2736336249224967,2.5,1.0,Correct,Incorrect
126,60.84201519321003,False,60.84201519321003,62.04694976694026,62.04694976694026,0,N/A,61.55032187120875,N\A,0.49662789573150345,0,62.04694976694026,N/A,False,True,0.7083066779987206,0,1.204934573730224,1,2.0,2.5,Correct,Correct
127,60.91560786819104,1,60.91560786819104,60.91560786819104,DNF,N/A,0,N\A,62.62478266111907,0,0.9134781445804956,N/A,63.538260805699565,True,False,0,1.7091747929280316,10,2.6226529375085272,2.5,1.5,Correct,Incorrect
128,61.156632106055525,1,61.156632106055525,61.156632106055525,DNF,N/A,1,N\A,62.78780154854453,0,0.6414723581520066,N/A,63.42927390669654,True,False,0,1.6311694424890035,10,2.27264180064101,2.5,1.5,Correct,Incorrect
129,61.22616360661038,False,61.22616360661038,61.22616360661038,61.22616360661038,N/A,N/A,N\A,N\A,0,0,N/A,N/A,True,True,0,0,10,1,2.5,2.5,Correct,Correct
130,61.61723999176606,False,61.61723999176606,62.21137041775586,62.21137041775586,0,N/A,62.04694976694026,N\A,0.16442065081559715,0,62.21137041775586,N/A,False,True,0.42970977517419584,0,0.594130425989793,1,2.0,2.5,Correct,Correct
131,61.71431966021828,1,61.71431966021828,62.825639367552,DNF,0,1,62.21137041775586,63.42927390669654,0.6142689497961407,0.4379013226766691,62.825639367552,63.8671752293732,False,False,0.4970507575375791,0.6036345391445366,1.1113197073337198,1.0415358618212056,1.5,2.0,Correct,Incorrect
132,62.76403962246252,False,62.76403962246252,62.84898829588494,62.84898829588494,0,N/A,62.825639367552,N\A,0.023348928332943178,0,62.84898829588494,N/A,False,True,0.06159974508948096,0,0.08494867342242414,1,2.0,2.5,Correct,Correct
133,63.29571860763119,0,63.29571860763119,DNF,DNF,1,DNF,63.29571860763119,DNF,1.3646964103417565,DNF,64.66041501797294,DNF,False,DNF,0.0,DNF,1.3646964103417565,DNF,1.5,DNF,Correct,DNF
134,63.513012329788815,1,63.513012329788815,64.11650051495805,DNF,0,1,63.513012329788815,64.11650051495805,0.6034881851692309,1.45914907120016,64.11650051495805,65.5756495861582,False,False,0.0,0.0,0.6034881851692309,1.45914907120016,1.0,2.0,Correct,Incorrect
135,64.02848792731606,1,64.02848792731606,68.50502336086434,DNF,0,0,64.11650051495805,68.50502336086434,4.388522845906296,1.4812952006938749,68.50502336086434,69.98631856155822,False,False,0.08801258764198394,0.0,4.47653543354828,1.4812952006938749,1.0,1.0,Correct,Incorrect
136,64.40801286425808,1,64.40801286425808,65.11521258459324,DNF,1,0,64.66041501797294,65.11521258459324,0.45479756662029514,1.3282549318005137,65.11521258459324,66.44346751639375,False,False,0.2524021537148542,0.0,0.7071997203351493,1.3282549318005137,1.5,1.0,Correct,Incorrect
137,64.49997388998008,1,64.49997388998008,65.51775634514543,DNF,1,1,65.11521258459324,65.5756495861582,0.4025437605521903,0.18898104312576428,65.51775634514543,65.76463062928397,False,False,0.6152386946131543,0.05789324101277771,1.0177824551653445,0.24687428413854198,1.5,1.0,Correct,Correct
138,65.57899943391843,1,65.57899943391843,67.40826403945019,DNF,1,1,65.57899943391843,67.40826403945019,1.8292646055317632,0.35388836523803535,67.40826403945019,67.76215240468822,False,False,0.0,0.0,1.8292646055317632,0.35388836523803535,2.0,1.5,Correct,Correct
139,65.64330049205407,1,65.64330049205407,70.76711444447035,DNF,1,0,67.40826403945019,72.3317505027465,3.3588504050201635,0.3104796305116205,70.76711444447035,72.64223013325812,False,False,1.7649635473961212,1.5646360582761503,5.123813952416285,1.8751156887877707,1.0,1.5,Correct,Incorrect
140,67.62158652768969,1,67.62158652768969,69.1589969991008,DNF,0,1,68.50502336086434,69.38839975398382,0.6539736382364498,3.905073649409841,69.1589969991008,73.29347340339366,False,False,0.883436833174656,0.22940275488302575,1.5374104714111059,4.134476404292867,1.5,1.0,Correct,Incorrect
141,68.04599656713658,1,68.04599656713658,69.20588920466125,DNF,0,0,69.1589969991008,69.98631856155822,0.046892205560456146,0.3800328660403382,69.20588920466125,70.36635142759856,False,False,1.1130004319642097,0.780429356896974,1.1598926375246659,1.1604622229373123,1.5,1.5,Correct,Incorrect
142,69.01613519149029,1,69.01613519149029,69.69020159741366,DNF,0,0,69.20588920466125,70.36635142759856,0.48431239275242044,0.9067027837020065,69.69020159741366,71.27305421130056,False,False,0.18975401317095475,0.6761498301848974,0.6740664059233752,1.582852613886904,2.0,2.0,Correct,Incorrect
143,69.01728503025585,1,69.01728503025585,69.01728503025585,DNF,N/A,1,N\A,69.01728503025585,0,0.371114723727966,N/A,69.38839975398382,True,False,0,0.0,10,0.371114723727966,2.5,1.0,Correct,Correct
144,69.3864746314757,1,69.3864746314757,70.65080895145825,DNF,0,0,69.69020159741366,71.27305421130056,0.9606073540445824,1.058696291445946,70.65080895145825,72.3317505027465,False,False,0.3037269659379547,0.622245259842316,1.2643343199825372,1.680941551288262,2.0,2.0,Correct,Incorrect
145,69.66268287659331,1,69.66268287659331,72.8018765547125,DNF,0,0,70.65080895145825,72.98459629238305,2.1510676032542606,0.34522870872912176,72.8018765547125,73.32982500111217,False,False,0.9881260748649368,0.1827197376705385,3.1391936781191974,0.5279484463996602,1.5,1.5,Correct,Correct
146,69.81763919925422,False,69.81763919925422,71.08233990474574,71.08233990474574,1,N/A,70.76711444447035,N\A,0.3152254602753839,0,71.08233990474574,N/A,False,True,0.949475245216135,0,1.264700705491519,1,2.0,2.5,Correct,Correct
147,70.78221096336308,1,70.78221096336308,73.70992111648685,DNF,1,1,71.08233990474574,73.70992111648685,2.6275812117411155,0.8705875581175616,73.70992111648685,74.58050867460442,False,False,0.30012894138265267,0.0,2.927710153123768,0.8705875581175616,2.0,2.0,Correct,Correct
148,70.8711649609836,1,70.8711649609836,73.05145317798927,DNF,0,1,72.8018765547125,73.29347340339366,0.24957662327676933,0.3930556917147632,73.05145317798927,73.68652909510843,False,False,1.9307115937289012,0.2420202254043886,2.1802882170056703,0.6350759171191518,1.5,1.5,Correct,Correct
149,71.45003897769153,1,71.45003897769153,73.15860024602925,DNF,0,0,73.05145317798927,73.32982500111217,0.10714706803998035,0.6938287576720136,73.15860024602925,74.02365375878418,False,False,1.6014142002977394,0.17122475508291757,1.7085612683377198,0.8650535127549311,2.0,1.5,Correct,Correct
150,72.3548454140509,1,72.3548454140509,72.3548454140509,DNF,N/A,0,N\A,72.64223013325812,0,0.3423661591249168,N/A,72.98459629238305,True,False,0,0.28738471920722475,10,0.6297508783321415,2.5,2.0,Correct,Correct
151,73.18284649835181,1,73.18284649835181,73.91526555163875,DNF,0,0,73.18284649835181,74.02365375878418,0.7324190532869519,2.166289928519911,73.91526555163875,76.1899436873041,False,False,0.0,0.10838820714542408,0.7324190532869519,2.274678135665335,2.0,1.5,Correct,Incorrect
152,73.29923729850294,0,73.29923729850294,DNF,DNF,1,DNF,73.70992111648685,DNF,0.3487923991988322,DNF,74.05871351568568,DNF,False,DNF,0.41068381798390874,DNF,0.7594762171827409,DNF,1.0,DNF,Correct,DNF
153,73.91374661240815,1,73.91374661240815,74.12855906828075,DNF,0,1,73.91526555163875,74.58050867460442,0.2132935166419937,3.031803492235126,74.12855906828075,77.61231216683954,False,False,0.0015189392306069749,0.4519496063236659,0.21481245587260067,3.483753098558792,1.5,1.5,Correct,Incorrect
154,75.23984509714171,1,75.23984509714171,76.21080055270374,DNF,1,0,75.23984509714171,76.69471414120217,0.9709554555620328,0.005379341751989561,76.21080055270374,76.70009348295416,False,False,0.0,0.4839135884984245,0.9709554555620328,0.48929293025041404,1.5,1.5,Correct,Correct
155,75.46567198953719,1,75.46567198953719,75.97287694737983,DNF,0,0,75.46567198953719,76.1899436873041,0.5072049578426475,0.5047704538980725,75.97287694737983,76.69471414120217,False,False,0.0,0.21706673992426317,0.5072049578426475,0.7218371938223357,1.0,1.5,Correct,Correct
156,75.64654726792125,1,75.64654726792125,77.69584913690503,DNF,0,1,75.97287694737983,77.69584913690503,1.7229721895251882,1.3789195002571784,77.69584913690503,79.07476863716221,False,False,0.32632967945858127,0.0,2.049301868983769,1.3789195002571784,1.0,1.0,Correct,Incorrect
157,76.99420821115262,1,76.99420821115262,77.90455196742381,DNF,1,1,76.99420821115262,79.07476863716221,0.9103437562711857,0.3265784237538246,77.90455196742381,79.40134706091604,False,False,0.0,1.1702166697383944,0.9103437562711857,1.496795093492219,1.5,1.5,Correct,Incorrect
158,77.0174969226086,1,77.0174969226086,77.74769856582508,DNF,0,0,77.69584913690503,79.04771025610833,0.051849428920053835,0.03158868275177029,77.74769856582508,79.0792989388601,False,False,0.6783522142964244,1.300011690283256,0.7302016432164783,1.3316003730350263,1.0,1.0,Correct,Incorrect
159,77.15719721329349,1,77.15719721329349,79.60274092410043,DNF,0,1,77.74769856582508,79.60274092410043,1.8550423582753504,0.24628102850228162,79.60274092410043,79.84902195260271,False,False,0.5905013525315894,0.0,2.4455437108069398,0.24628102850228162,1.5,1.5,Correct,Correct
160,77.63661777672841,1,77.63661777672841,77.63661777672841,DNF,N/A,0,N\A,77.63661777672841,0,1.4110924793799184,N/A,79.04771025610833,True,False,0,0.0,10,1.4110924793799184,2.5,1.5,Correct,Incorrect
161,77.98900907001837,False,77.98900907001837,78.21048589801497,78.21048589801497,1,N/A,77.98900907001837,N\A,0.22147682799659027,0,78.21048589801497,N/A,False,True,0.0,0,0.22147682799659027,1,2.0,2.5,Correct,Correct
162,78.43103692609854,1,78.43103692609854,79.34379175638772,DNF,1,0,78.43103692609854,79.34379175638772,0.9127548302891745,0.35730062176099603,79.34379175638772,79.70109237814872,False,False,0.0,0.0,0.9127548302891745,0.35730062176099603,1.0,2.0,Correct,Correct
163,78.54928319718655,0,78.54928319718655,DNF,DNF,1,DNF,79.34379175638772,DNF,0.41763374794977703,DNF,79.7614255043375,DNF,False,DNF,0.7945085592011623,DNF,1.2121423071509394,DNF,1.0,DNF,Correct,DNF
164,78.93805298042874,0,78.93805298042874,DNF,DNF,0,DNF,79.60274092410043,DNF,1.2309053804271426,DNF,80.83364630452758,DNF,False,DNF,0.6646879436716944,DNF,1.895593324098837,DNF,1.5,DNF,Correct,DNF
165,79.54942271898906,0,79.54942271898906,DNF,DNF,1,DNF,79.7614255043375,DNF,0.29816491547609925,DNF,80.05959041981359,DNF,False,DNF,0.21200278534843164,DNF,0.5101677008245309,DNF,2.0,DNF,Correct,DNF
166,79.72021907039785,0,79.72021907039785,DNF,DNF,1,DNF,80.05959041981359,DNF,0.7208033808189721,DNF,80.78039380063257,DNF,False,DNF,0.33937134941574243,DNF,1.0601747302347144,DNF,2.0,DNF,Correct,DNF
167,80.09101311180493,1,80.09101311180493,80.95188718337447,DNF,1,0,80.78039380063257,80.95188718337447,0.1714933827419034,4.1012514745406445,80.95188718337447,85.05313865791511,False,False,0.6893806888276401,0.0,0.8608740715695435,4.1012514745406445,2.0,1.0,Correct,Incorrect
168,80.24006230296322,1,80.24006230296322,81.91136532496033,DNF,0,1,80.83364630452758,82.70526078969579,1.0777190204327551,0.6537717217415394,81.91136532496033,83.35903251143732,False,False,0.5935840015643521,0.7938954647354564,1.6713030219971072,1.4476671864769957,1.5,1.0,Correct,Incorrect
169,80.29546105810788,1,80.29546105810788,80.29546105810788,DNF,N/A,0,N\A,80.29546105810788,0,0.24110922444082875,N/A,80.53657028254871,True,False,0,0.0,10,0.24110922444082875,2.5,1.0,Correct,Correct
170,80.63187088099039,1,80.63187088099039,80.63187088099039,DNF,N/A,1,N\A,80.63187088099039,0,0.16066115108940188,N/A,80.79253203207979,True,False,0,0.0,10,0.16066115108940188,2.5,1.0,Correct,Correct
171,80.64953925203238,1,80.64953925203238,80.64953925203238,DNF,N/A,0,N\A,80.64953925203238,0,0.03256101436071001,N/A,80.68210026639309,True,False,0,0.0,10,0.03256101436071001,2.5,1.0,Correct,Correct
172,80.96004166375586,1,80.96004166375586,82.09868989051358,DNF,1,1,80.96004166375586,83.35903251143732,1.1386482267577211,0.6698484109650787,82.09868989051358,84.0288809224024,False,False,0.0,1.260342620923737,1.1386482267577211,1.9301910318888158,2.0,1.5,Correct,Incorrect
173,81.01116839093754,0,81.01116839093754,DNF,DNF,0,DNF,81.91136532496033,DNF,1.7929015144205682,DNF,83.70426683938089,DNF,False,DNF,0.9001969340227873,DNF,2.6930984484433553,DNF,1.5,DNF,Correct,DNF
174,81.38953043135315,0,81.38953043135315,DNF,DNF,1,DNF,82.09868989051358,DNF,2.3116514753653035,DNF,84.41034136587889,DNF,False,DNF,0.709159459160432,DNF,3.0208109345257355,DNF,1.5,DNF,Correct,DNF
175,81.56266850611811,1,81.56266850611811,81.56266850611811,DNF,N/A,1,N\A,81.56266850611811,0,1.1425922835776685,N/A,82.70526078969579,True,False,0,0.0,10,1.1425922835776685,2.5,1.0,Correct,Incorrect
176,82.45261456066324,False,82.45261456066324,83.78964187291062,83.78964187291062,0,N/A,83.70426683938089,N\A,0.08537503352972504,0,83.78964187291062,N/A,False,True,1.251652278717657,0,1.337027312247382,1,2.0,2.5,Correct,Correct
177,82.52481691708763,False,82.52481691708763,84.00506053849362,84.00506053849362,0,N/A,83.78964187291062,N\A,0.21541866558300446,0,84.00506053849362,N/A,False,True,1.2648249558229878,0,1.4802436214059922,1,1.5,2.5,Correct,Correct
178,82.90510745873053,1,82.90510745873053,82.90510745873053,DNF,N/A,1,N\A,84.0288809224024,0,0.09914914626894844,N/A,84.12803006867134,True,False,0,1.123773463671867,10,1.2229226099408155,2.5,2.0,Correct,Incorrect
179,83.29744770898286,False,83.29744770898286,83.29744770898286,83.29744770898286,N/A,N/A,N\A,N\A,0,0,N/A,N/A,True,True,0,0,10,1,2.5,2.5,Correct,Correct
180,83.48777963405522,1,83.48777963405522,83.48777963405522,DNF,N/A,1,N\A,84.12803006867134,0,1.0987767742772283,N/A,85.22680684294856,True,False,0,0.6402504346161209,10,1.7390272088933492,2.5,2.0,Correct,Incorrect
181,83.64596353997499,False,83.64596353997499,83.64596353997499,83.64596353997499,N/A,N/A,N\A,N\A,0,0,N/A,N/A,True,True,0,0,10,1,2.5,2.5,Correct,Correct
182,83.73827626316353,0,83.73827626316353,DNF,DNF,0,DNF,84.00506053849362,DNF,2.9769658577523526,DNF,86.98202639624597,DNF,False,DNF,0.26678427533009597,DNF,3.2437501330824485,DNF,2.0,DNF,Correct,DNF
183,84.21674694848704,1,84.21674694848704,84.82988494659925,DNF,1,0,84.41034136587889,85.05313865791511,0.4195435807203603,2.69452859805912,84.82988494659925,87.74766725597424,False,False,0.19359441739185002,0.2232537113158628,0.6131379981122103,2.917782309374983,2.0,2.0,Correct,Incorrect
184,84.60855209581095,0,84.60855209581095,DNF,DNF,1,DNF,84.82988494659925,DNF,1.2177488385845239,DNF,86.04763378518378,DNF,False,DNF,0.22133285078830056,DNF,1.4390816893728244,DNF,1.5,DNF,Correct,DNF
185,87.61983373547622,1,87.61983373547622,87.85373909269437,DNF,1,1,87.61983373547622,87.85373909269437,0.23390535721815217,0.5976917045001781,87.85373909269437,88.45143079719455,False,False,0.0,0.0,0.23390535721815217,0.5976917045001781,1.5,1.5,Correct,Correct
186,88.17804537997458,1,88.17804537997458,89.06989126658337,DNF,0,0,88.17804537997458,89.06989126658337,0.891845886608791,0.6150238414417182,89.06989126658337,89.68491510802508,False,False,0.0,0.0,0.891845886608791,0.6150238414417182,1.0,1.0,Correct,Correct
187,88.97759525492098,1,88.97759525492098,91.43297029499652,DNF,1,1,88.97759525492098,91.43297029499652,2.4553750400755416,1.0397320769820175,91.43297029499652,92.47270237197854,False,False,0.0,0.0,2.4553750400755416,1.0397320769820175,1.0,1.0,Correct,Incorrect
188,89.74428973271355,1,89.74428973271355,90.66773156920536,DNF,0,0,89.74428973271355,90.66773156920536,0.9234418364918077,1.2324654594665556,90.66773156920536,91.90019702867191,False,False,0.0,0.0,0.9234418364918077,1.2324654594665556,1.0,1.0,Correct,Incorrect
189,89.81443011903538,1,89.81443011903538,91.36681473318062,DNF,0,1,90.66773156920536,91.36681473318062,0.699083163975253,0.0623618946687946,91.36681473318062,91.42917662784942,False,False,0.8533014501699796,0.0,1.5523846141452327,0.0623618946687946,1.0,1.0,Correct,Correct
190,90.04143404720297,False,90.04143404720297,93.23343633709916,93.23343633709916,0,N/A,91.36681473318062,N\A,1.8666216039185397,0,93.23343633709916,N/A,False,True,1.325380685977649,0,3.1920022898961884,1,1.5,2.5,Correct,Correct
191,90.54499729080135,1,90.54499729080135,90.54499729080135,DNF,N/A,1,N\A,90.54499729080135,0,0.5000289884602402,N/A,91.04502627926159,True,False,0,0.0,10,0.5000289884602402,2.5,1.0,Correct,Correct
192,91.40260641175269,1,91.40260641175269,91.60336256922665,DNF,1,0,91.43297029499652,91.90019702867191,0.17039227423012177,1.749399896716382,91.60336256922665,93.6495969253883,False,False,0.030363883243836653,0.29683445944526454,0.20075615747395842,2.0462343561616465,2.0,1.0,Correct,Incorrect
193,92.11088580102691,1,92.11088580102691,93.79481958531854,DNF,1,1,92.11088580102691,94.07414113262548,1.6839337842916269,0.2696775877399141,93.79481958531854,94.3438187203654,False,False,0.0,0.27932154730694947,1.6839337842916269,0.5489991350468636,1.5,2.0,Correct,Correct
194,92.14065936642336,1,92.14065936642336,94.2100845135402,DNF,0,0,93.23343633709916,94.81670372624735,0.9766481764410276,1.3000194244685874,94.2100845135402,96.11672315071594,False,False,1.0927769706758,0.6066192127071588,2.0694251471168275,1.9066386371757462,1.0,2.0,Correct,Incorrect
195,92.27935446491001,1,92.27935446491001,94.15343178971713,DNF,1,1,93.79481958531854,94.3438187203654,0.35861220439860314,2.9730132835671226,94.15343178971713,97.31683200393253,False,False,1.5154651204085212,0.19038693064827328,1.8740773248071243,3.163400214215396,1.5,2.0,Correct,Incorrect
196,92.45910107169364,1,92.45910107169364,92.45910107169364,DNF,N/A,1,N\A,92.47270237197854,0,0.8254168054454957,N/A,93.29811917742404,True,False,0,0.013601300284904028,10,0.8390181057303997,2.5,1.5,Correct,Correct
197,92.8110428064523,1,92.8110428064523,92.8110428064523,DNF,N/A,1,N\A,93.29811917742404,0,0.7760219552014405,N/A,94.07414113262548,True,False,0,0.4870763709717352,10,1.2630983261731756,2.5,1.5,Correct,Incorrect
198,92.93465082349687,1,92.93465082349687,92.93465082349687,DNF,N/A,0,N\A,93.6495969253883,0,1.167106800859063,N/A,94.81670372624735,True,False,0,0.714946101891428,10,1.882052902750491,2.5,1.5,Correct,Incorrect
199,94.16795480119737,0,94.16795480119737,DNF,DNF,1,DNF,94.16795480119737,DNF,0.3636314307670332,DNF,94.5315862319644,DNF,False,DNF,0.0,DNF,0.3636314307670332,DNF,2.0,DNF,Correct,DNF
200,95.00689082783961,1,95.00689082783961,96.67095626652052,DNF,0,1,95.00689082783961,97.31683200393253,1.664065438680903,1.0956373187715276,96.67095626652052,98.41246932270406,False,False,0.0,0.6458757374120125,1.664065438680903,1.7415130561835401,1.0,1.5,Correct,Incorrect
201,95.58677441277612,1,95.58677441277612,95.98848649389926,DNF,1,0,95.58677441277612,96.11672315071594,0.4017120811231411,1.0066002183360234,95.98848649389926,97.12332336905196,False,False,0.0,0.12823665681668217,0.4017120811231411,1.1348368751527056,1.0,2.0,Correct,Incorrect
202,95.96235802174115,1,95.96235802174115,96.42121344467374,DNF,1,0,95.98848649389926,97.12332336905196,0.4327269507744754,0.46235756321794325,96.42121344467374,97.58568093226991,False,False,0.02612847215810632,0.7021099243782203,0.45885542293258175,1.1644674875961636,1.0,1.5,Correct,Incorrect
203,95.99049094090864,1,95.99049094090864,99.00713709071582,DNF,1,1,96.42121344467374,99.00713709071582,2.5859236460420787,1.639338259359629,99.00713709071582,100.64647535007545,False,False,0.4307225037650966,0.0,3.0166461498071753,1.639338259359629,1.5,1.0,Correct,Incorrect
204,96.51579443591004,0,96.51579443591004,DNF,DNF,0,DNF,96.67095626652052,DNF,2.474600006269805,DNF,99.14555627279033,DNF,False,DNF,0.1551618306104814,DNF,2.629761836880286,DNF,1.5,DNF,Correct,DNF
205,97.6621829797921,1,97.6621829797921,99.13451835665482,DNF,1,0,99.00713709071582,99.16644945299208,0.12738126593900997,1.8257495903542187,99.13451835665482,100.9921990433463,False,False,1.3449541109237089,0.0319310963372601,1.4723353768627188,1.8576806866914788,1.5,1.0,Correct,Incorrect
206,97.71233030258774,1,97.71233030258774,99.77546153645376,DNF,1,0,99.13451835665482,100.9921990433463,0.6409431797989421,0.6163417295454063,99.77546153645376,101.60854077289171,False,False,1.4221880540670782,1.2167375068925423,2.06313123386602,1.8330792364379487,1.5,1.5,Correct,Incorrect
207,97.94842951918154,1,97.94842951918154,97.94842951918154,DNF,N/A,0,N\A,97.94842951918154,0,1.2180199338105344,N/A,99.16644945299208,True,False,0,0.0,10,1.2180199338105344,2.5,2.0,Correct,Incorrect
208,98.46766262246895,1,98.46766262246895,98.46766262246895,DNF,N/A,1,N\A,98.46766262246895,0,0.0822794871088916,N/A,98.54994210957784,True,False,0,0.0,10,0.0822794871088916,2.5,1.0,Correct,Correct
209,99.12265701255187,False,99.12265701255187,100.17079173144072,100.17079173144072,0,N/A,99.14555627279033,N\A,1.025235458650389,0,100.17079173144072,N/A,False,True,0.022899260238460784,0,1.0481347188888497,1,2.0,2.5,Correct,Correct
210,99.46765311655616,0,99.46765311655616,DNF,DNF,1,DNF,99.77546153645376,DNF,2.8744577585454123,DNF,102.64991929499918,DNF,False,DNF,0.3078084198975972,DNF,3.1822661784430095,DNF,2.0,DNF,Correct,DNF
211,99.58004293730814,1,99.58004293730814,101.11221235102353,DNF,0,1,100.17079173144072,101.11221235102353,0.9414206195828134,0.17453689207005277,101.11221235102353,101.28674924309358,False,False,0.5907487941325797,0.0,1.5321694137153932,0.17453689207005277,2.0,2.0,Correct,Correct
212,99.67523179510144,1,99.67523179510144,99.67523179510144,DNF,N/A,1,N\A,100.64647535007545,0,0.34820509036812947,N/A,100.99468044044357,True,False,0,0.9712435549740093,10,1.3194486453421388,2.5,1.5,Correct,Incorrect
213,100.1026586028959,1,100.1026586028959,101.39249576098017,DNF,0,1,101.11221235102353,101.39249576098017,0.2802834099566396,0.014108834037724389,101.39249576098017,101.4066045950179,False,False,1.0095537481276295,0.0,1.2898371580842691,0.014108834037724389,2.0,1.5,Correct,Correct
214,100.14214343001578,False,100.14214343001578,100.14214343001578,100.14214343001578,N/A,N/A,N\A,N\A,0,0,N/A,N/A,True,True,0,0,10,1,2.5,2.5,Correct,Correct
215,101.44033890176063,1,101.44033890176063,101.74301740299481,DNF,0,1,101.44033890176063,101.74301740299481,0.3026785012341769,3.0124204885448966,101.74301740299481,104.7554378915397,False,False,0.0,0.0,0.3026785012341769,3.0124204885448966,2.0,1.0,Correct,Incorrect
216,102.6533506692096,0,102.6533506692096,DNF,DNF,0,DNF,102.6533506692096,DNF,0.2889602070583349,DNF,102.94231087626794,DNF,False,DNF,0.0,DNF,0.2889602070583349,DNF,1.0,DNF,Correct,DNF
217,102.98705998360666,1,102.98705998360666,103.07871958578822,DNF,1,0,102.98705998360666,103.07871958578822,0.09165960218156062,3.895608614131535,103.07871958578822,106.97432819991975,False,False,0.0,0.0,0.09165960218156062,3.895608614131535,1.0,1.0,Correct,Incorrect
218,102.99043091491609,1,102.99043091491609,103.54188209642665,DNF,0,1,102.99043091491609,104.97652361887478,0.5514511815105546,0.8597377506433869,103.54188209642665,105.83626136951817,False,False,0.0,1.434641522448132,0.5514511815105546,2.294379273091519,1.0,1.5,Correct,Incorrect
219,103.01140374224678,1,103.01140374224678,103.4358798142196,DNF,1,1,103.07871958578822,104.7554378915397,0.3571602284313806,0.22108572733508436,103.4358798142196,104.97652361887478,False,False,0.0673158435414365,1.319558077320096,0.4244760719728171,1.5406438046551802,1.0,1.0,Correct,Incorrect
220,105.13119565686539,1,105.13119565686539,105.2060072592936,DNF,1,1,105.13119565686539,105.83626136951817,0.07481160242821303,2.897288689473383,105.2060072592936,108.73355005899155,False,False,0.0,0.6302541102245698,0.07481160242821303,3.5275427996979527,1.5,2.0,Correct,Incorrect
221,105.4981664821531,1,105.4981664821531,106.60186941891413,DNF,0,0,105.4981664821531,106.97432819991975,1.1037029367610327,1.416317538368483,106.60186941891413,108.39064573828824,False,False,0.0,0.37245878100561924,1.1037029367610327,1.7887763193741022,1.0,1.5,Correct,Incorrect
222,105.59803115857808,0,105.59803115857808,DNF,DNF,1,DNF,105.59803115857808,DNF,0.6148863604710386,DNF,106.21291751904911,DNF,False,DNF,0.0,DNF,0.6148863604710386,DNF,1.0,DNF,Correct,DNF
223,105.87493935065916,False,105.87493935065916,107.63365833115051,107.63365833115051,1,N/A,106.21291751904911,N\A,1.4207408121014027,0,107.63365833115051,N/A,False,True,0.3379781683899523,0,1.758718980491355,1,1.0,2.5,Correct,Correct
224,105.98225968559197,1,105.98225968559197,106.9021997641552,DNF,0,0,106.60186941891413,108.39064573828824,0.30033034524107,0.6414398802675096,106.9021997641552,109.03208561855575,False,False,0.6196097333221644,1.4884459741330431,0.9199400785632343,2.129885854400553,1.5,1.5,Correct,Incorrect
225,106.32458559915736,1,106.32458559915736,107.34900814911497,DNF,0,1,106.9021997641552,108.73355005899155,0.4468083849597598,0.6814644641941,107.34900814911497,109.41501452318565,False,False,0.5776141649978399,1.3845419098765888,1.0244225499575996,2.066006374070689,2.0,2.0,Correct,Incorrect
226,107.30734398370757,0,107.30734398370757,DNF,DNF,0,DNF,107.34900814911497,DNF,3.0054504662077286,DNF,110.3544586153227,DNF,False,DNF,0.041664165407397036,DNF,3.0471146316151256,DNF,2.0,DNF,Correct,DNF
227,107.35231126768579,0,107.35231126768579,DNF,DNF,1,DNF,107.63365833115051,DNF,1.9344582029994652,DNF,109.56811653414998,DNF,False,DNF,0.2813470634647217,DNF,2.215805266464187,DNF,1.5,DNF,Correct,DNF
228,107.44986918129791,1,107.44986918129791,111.17342843420016,DNF,1,1,109.56811653414998,111.17342843420016,1.6053119000501783,0.7038555331512163,111.17342843420016,111.87728396735137,False,False,2.118247352852066,0.0,3.7235592529022443,0.7038555331512163,1.5,2.0,Correct,Correct
229,107.72822952469356,0,107.72822952469356,DNF,DNF,0,DNF,110.3544586153227,DNF,0.42747575232434215,DNF,110.78193436764704,DNF,False,DNF,2.6262290906291383,DNF,3.0537048429534805,DNF,2.0,DNF,Correct,DNF
230,108.33435650089991,False,108.33435650089991,108.33435650089991,108.33435650089991,N/A,N/A,N\A,N\A,0,0,N/A,N/A,True,True,0,0,10,1,2.5,2.5,Correct,Correct
231,108.88828042678121,1,108.88828042678121,108.88828042678121,DNF,N/A,0,N\A,109.03208561855575,0,3.5239351121281257,N/A,112.55602073068388,True,False,0,0.14380519177454687,10,3.6677403039026726,2.5,2.0,Correct,Incorrect
232,111.52477864039086,1,111.52477864039086,112.26620268407619,DNF,0,1,111.52477864039086,112.26620268407619,0.7414240436853289,0.72593584555614,112.26620268407619,112.99213852963233,False,False,0.0,0.0,0.7414240436853289,0.72593584555614,2.0,1.5,Correct,Correct
233,112.02335738207337,1,112.02335738207337,112.72196427051446,DNF,1,1,112.02335738207337,112.99213852963233,0.6986068884410865,1.5832064008614497,112.72196427051446,114.57534493049378,False,False,0.0,0.27017425911786574,0.6986068884410865,1.8533806599793154,1.0,1.5,Correct,Incorrect
234,112.17327664998325,1,112.17327664998325,112.45740537228889,DNF,0,0,112.26620268407619,112.55602073068388,0.19120268821270422,0.4714217782068738,112.45740537228889,113.02744250889076,False,False,0.09292603409294031,0.09861535839499425,0.28412872230564457,0.570037136601868,1.0,1.0,Correct,Correct
235,112.2609513989629,0,112.2609513989629,DNF,DNF,0,DNF,112.45740537228889,DNF,0.26837964738251263,DNF,112.7257850196714,DNF,False,DNF,0.1964539733259869,DNF,0.46483362070849954,DNF,1.5,DNF,Correct,DNF
236,113.06058656511401,0,113.06058656511401,DNF,DNF,1,DNF,113.06058656511401,DNF,0.5692792978626966,DNF,113.6298658629767,DNF,False,DNF,0.0,DNF,0.5692792978626966,DNF,2.0,DNF,Correct,DNF
237,113.183275120389,1,113.183275120389,120.22910395792488,DNF,0,0,113.183275120389,120.22910395792488,7.045828837535883,0.9763031448671663,120.22910395792488,121.20540710279204,False,False,0.0,0.0,7.045828837535883,0.9763031448671663,1.0,1.0,Correct,Correct
238,113.20995948933535,1,113.20995948933535,113.98247007143108,DNF,1,0,113.6298658629767,114.00242900513751,0.3526042084543785,1.1201122291657462,113.98247007143108,115.12254123430326,False,False,0.4199063736413535,0.019958933706433868,0.7725105820957321,1.14007116287218,1.0,1.0,Correct,Incorrect
239,113.66752700667621,1,113.66752700667621,116.84188112936206,DNF,1,0,113.98247007143108,118.75262266765642,2.8594110579309824,0.0022662645628668686,116.84188112936206,118.75488893221929,False,False,0.3149430647548712,1.91074153829436,3.1743541226858536,1.9130078028572268,1.5,2.0,Correct,Incorrect
240,113.72251099343815,0,113.72251099343815,DNF,DNF,1,DNF,116.84188112936206,DNF,1.890346546518285,DNF,118.73222767588035,DNF,False,DNF,3.1193701359239157,DNF,5.009716682442201,DNF,1.5,DNF,Correct,DNF
241,113.82270197890097,1,113.82270197890097,113.82270197890097,DNF,N/A,0,N\A,113.82270197890097,0,0.17972702623655262,N/A,114.00242900513751,True,False,0,0.0,10,0.17972702623655262,2.5,1.5,Correct,Correct
242,114.2050416667369,1,114.2050416667369,119.48638460023022,DNF,1,1,118.73222767588035,119.48638460023022,0.7541569243498705,2.3633267469039128,119.48638460023022,121.84971134713413,False,False,4.527186009143449,0.0,5.2813429334933195,2.3633267469039128,2.0,2.0,Correct,Incorrect
243,114.9602304227877,1,114.9602304227877,114.9602304227877,DNF,N/A,1,N\A,114.9602304227877,0,1.0024793401845198,N/A,115.96270976297222,True,False,0,0.0,10,1.0024793401845198,2.5,1.5,Correct,Incorrect
244,116.34966403065553,1,116.34966403065553,116.34966403065553,DNF,N/A,0,N\A,116.34966403065553,0,2.402958637000895,N/A,118.75262266765642,True,False,0,0.0,10,2.402958637000895,2.5,1.0,Correct,Incorrect
245,116.5413931422085,1,116.5413931422085,116.5413931422085,DNF,N/A,1,N\A,116.5413931422085,0,0.2982878519423824,N/A,116.83968099415088,True,False,0,0.0,10,0.2982878519423824,2.5,1.0,Correct,Correct
246,116.77566501436212,1,116.77566501436212,116.77566501436212,DNF,N/A,1,N\A,116.83968099415088,0,0.491434176038641,N/A,117.33111517018952,True,False,0,0.06401597978876339,10,0.5554501558274043,2.5,1.0,Correct,Correct
247,116.82973343053926,1,116.82973343053926,116.82973343053926,DNF,N/A,1,N\A,117.33111517018952,0,1.8853309669203593,N/A,119.21644613710988,True,False,0,0.501381739650256,10,2.3867127065706155,2.5,1.5,Correct,Incorrect
248,117.01732984202451,False,117.01732984202451,120.68562876643523,120.68562876643523,1,N/A,119.48638460023022,N\A,1.1992441662050124,0,120.68562876643523,N/A,False,True,2.469054758205715,0,3.6682989244107276,1,2.0,2.5,Correct,Correct
249,117.38517792413869,1,117.38517792413869,117.38517792413869,DNF,N/A,0,N\A,118.75488893221929,0,0.63085147719786,N/A,119.38574040941715,True,False,0,1.3697110080805999,10,2.00056248527846,2.5,2.0,Correct,Incorrect
250,117.7316816790742,False,117.7316816790742,117.7316816790742,117.7316816790742,N/A,N/A,N\A,N\A,0,0,N/A,N/A,True,True,0,0,10,1,2.5,2.5,Correct,Correct
251,117.7718384289782,False,117.7718384289782,117.7718384289782,117.7718384289782,N/A,N/A,N\A,N\A,0,0,N/A,N/A,True,True,0,0,10,1,2.5,2.5,Correct,Correct
252,117.90663531022994,False,117.90663531022994,117.90663531022994,117.90663531022994,N/A,N/A,N\A,N\A,0,0,N/A,N/A,True,True,0,0,10,1,2.5,2.5,Correct,Correct
253,118.44125690434547,False,118.44125690434547,118.44125690434547,118.44125690434547,N/A,N/A,N\A,N\A,0,0,N/A,N/A,True,True,0,0,10,1,2.5,2.5,Correct,Correct
254,119.43419173457258,1,119.43419173457258,120.49727410338316,DNF,0,1,120.22910395792488,121.84971134713413,0.26817014545828205,0.6262562604943329,120.49727410338316,122.47596760762846,False,False,0.7949122233522985,1.3524372437509697,1.0630823688105806,1.9786935042453027,2.0,1.5,Correct,Incorrect
255,119.59346016051039,1,119.59346016051039,122.42098720328272,DNF,0,1,120.49727410338316,122.47596760762846,1.9237130998995562,0.9439947647831739,122.42098720328272,123.41996237241163,False,False,0.9038139428727732,0.05498040434574136,2.8275270427723296,0.9989751691289153,2.0,1.5,Correct,Correct
256,120.33466949996351,1,120.33466949996351,122.22177080680464,DNF,1,0,120.68562876643523,122.22177080680464,1.5361420403694064,0.6929522420807981,122.22177080680464,122.91472304888543,False,False,0.35095926647171893,0.0,1.8871013068411253,0.6929522420807981,2.0,2.0,Correct,Correct
257,120.46208671971812,1,120.46208671971812,120.46208671971812,DNF,N/A,0,N\A,121.20540710279204,0,0.8285486536786312,N/A,122.03395575647068,True,False,0,0.7433203830739217,10,1.571869036752553,2.5,1.0,Correct,Incorrect
258,120.63780872154085,1,120.63780872154085,123.74635177831782,DNF,1,1,122.22177080680464,123.74635177831782,1.5245809715131777,0.5207499183782316,123.74635177831782,124.26710169669605,False,False,1.5839620852637921,0.0,3.10854305677697,0.5207499183782316,2.0,1.0,Correct,Correct
259,120.99566097814514,1,120.99566097814514,122.94687532069521,DNF,0,0,122.42098720328272,122.94687532069521,0.5258881174124934,1.1100229001267876,122.94687532069521,124.056898220822,False,False,1.4253262251375816,0.0,1.951214342550075,1.1100229001267876,2.0,1.5,Correct,Incorrect
260,122.68484068523252,1,122.68484068523252,123.918375824653,DNF,0,0,122.94687532069521,124.11780319500582,0.9715005039577905,1.1377190186605164,123.918375824653,125.25552221366634,False,False,0.26203463546269745,0.1994273703528222,1.2335351394204879,1.3371463890133386,2.0,1.5,Correct,Incorrect
261,122.92085131873013,1,122.92085131873013,123.88852619694235,DNF,1,0,123.74635177831782,124.056898220822,0.14217441862454078,0.060904974183817975,123.88852619694235,124.11780319500582,False,False,0.8255004595876869,0.16837202387965533,0.9676748782122278,0.2292769980634733,1.5,1.0,Correct,Correct
262,123.43085027641264,1,123.43085027641264,124.20763634309036,DNF,1,0,123.88852619694235,125.25552221366634,0.31911014614800687,3.180096251205219,124.20763634309036,128.43561846487157,False,False,0.4576759205297094,1.047885870575982,0.7767860666777162,4.227982121781201,2.0,1.5,Correct,Incorrect
263,124.1126141325648,False,124.1126141325648,124.44219361187302,124.44219361187302,0,N/A,124.1126141325648,N\A,0.32957947930822784,0,124.44219361187302,N/A,False,True,0.0,0,0.32957947930822784,1,2.0,2.5,Correct,Correct
264,124.12619857701989,False,124.12619857701989,124.26561440329174,124.26561440329174,1,N/A,124.20763634309036,N\A,0.05797806020138538,0,124.26561440329174,N/A,False,True,0.08143776607046505,0,0.13941582627185042,1,1.0,2.5,Correct,Correct
265,124.1579455213441,1,124.1579455213441,124.40115697730586,DNF,1,1,124.26561440329174,127.53227300578553,0.13554257401412254,0.6671388054054357,124.40115697730586,128.19941181119097,False,False,0.10766888194763169,3.131116028479667,0.24321145596175422,3.7982548338851028,1.5,2.0,Correct,Incorrect
266,124.19347047647075,1,124.19347047647075,124.19347047647075,DNF,N/A,1,N\A,124.26710169669605,0,3.2651713090894874,N/A,127.53227300578553,True,False,0,0.07363122022529467,10,3.338802529314782,2.5,2.0,Correct,Incorrect
267,124.35921101542048,1,124.35921101542048,125.268710663674,DNF,1,1,124.40115697730586,128.19941181119097,0.8675536863681448,2.8283497655403798,125.268710663674,131.02776157673134,False,False,0.04194596188537503,2.93070114751697,0.9094996482535198,5.75905091305735,2.0,2.0,Correct,Incorrect
268,124.97293539677244,False,124.97293539677244,125.40438826188394,125.40438826188394,0,N/A,124.97293539677244,N\A,0.4314528651114953,0,125.40438826188394,N/A,False,True,0.0,0,0.4314528651114953,1,1.5,2.5,Correct,Correct
269,125.31885076059736,0,125.31885076059736,DNF,DNF,1,DNF,125.31885076059736,DNF,0.6954482879809946,DNF,126.01429904857835,DNF,False,DNF,0.0,DNF,0.6954482879809946,DNF,1.0,DNF,Correct,DNF
270,125.45549554613746,False,125.45549554613746,125.71860741111396,125.71860741111396,0,N/A,125.45549554613746,N\A,0.26311186497651046,0,125.71860741111396,N/A,False,True,0.0,0,0.26311186497651046,1,1.0,2.5,Correct,Correct
271,125.70051471776992,False,125.70051471776992,126.09639821255372,126.09639821255372,0,N/A,125.71860741111396,N\A,0.37779080143975124,0,126.09639821255372,N/A,False,True,0.01809269334404462,0,0.39588349478379586,1,1.0,2.5,Correct,Correct
272,126.43581890673063,False,126.43581890673063,126.83282314549895,126.83282314549895,1,N/A,126.43581890673063,N\A,0.39700423876831986,0,126.83282314549895,N/A,False,True,0.0,0,0.39700423876831986,1,1.5,2.5,Correct,Correct
273,126.47041770826117,False,126.47041770826117,127.23939515686058,127.23939515686058,0,N/A,126.47041770826117,N\A,0.7689774485994109,0,127.23939515686058,N/A,False,True,0.0,0,0.7689774485994109,1,1.0,2.5,Correct,Correct
274,126.7650834173144,False,126.7650834173144,128.04736132898717,128.04736132898717,1,N/A,126.83282314549895,N\A,1.2145381834882085,0,128.04736132898717,N/A,False,True,0.06773972818454865,0,1.2822779116727572,1,1.0,2.5,Correct,Correct
275,127.04585200395361,1,127.04585200395361,127.77622359563763,DNF,0,0,127.23939515686058,128.43561846487157,0.536828438777049,0.08871855768513456,127.77622359563763,128.5243370225567,False,False,0.19354315290696888,0.6593948692339353,0.7303715916840179,0.7481134269190699,1.5,2.0,Correct,Correct
276,127.51550453327499,1,127.51550453327499,131.6708397817651,DNF,0,1,127.77622359563763,131.6708397817651,3.8946161861274646,2.166764379284532,131.6708397817651,133.83760416104963,False,False,0.2607190623626394,0.0,4.155335248490104,2.166764379284532,1.5,1.0,Correct,Incorrect
277,128.39513888467252,1,128.39513888467252,128.77573102307548,DNF,1,0,128.39513888467252,128.77573102307548,0.38059213840296885,0.03666041073236536,128.77573102307548,128.81239143380785,False,False,0.0,0.0,0.38059213840296885,0.03666041073236536,1.5,2.0,Correct,Correct
278,128.74760460469497,1,128.74760460469497,130.9588675431,DNF,1,0,128.77573102307548,130.9588675431,2.183136520024524,0.6861317669155567,130.9588675431,131.64499931001558,False,False,0.02812641838050922,0.0,2.2112629384050333,0.6861317669155567,1.0,1.0,Correct,Correct
279,129.29481584148252,1,129.29481584148252,131.00332613472682,DNF,1,1,130.9588675431,131.02776157673134,0.0444585916268089,0.20662596301914618,131.00332613472682,131.2343875397505,False,False,1.6640517016174954,0.024435442004516972,1.7085102932443044,0.23106140502366315,1.5,1.0,Correct,Correct
280,131.0106355185719,1,131.0106355185719,131.25850439215418,DNF,1,1,131.0106355185719,131.25850439215418,0.24786887358228826,0.15788892328199142,131.25850439215418,131.41639331543618,False,False,0.0,0.0,0.24786887358228826,0.15788892328199142,1.5,1.5,Correct,Correct
281,131.51416734705342,1,131.51416734705342,132.5677022177782,DNF,1,0,131.51416734705342,132.5677022177782,1.0535348707247816,0.7411922811255252,132.5677022177782,133.30889449890373,False,False,0.0,0.0,1.0535348707247816,0.7411922811255252,1.0,1.0,Correct,Correct
282,131.7845064442191,0,131.7845064442191,DNF,DNF,0,DNF,131.7845064442191,DNF,0.8246461761295343,DNF,132.60915262034862,DNF,False,DNF,0.0,DNF,0.8246461761295343,DNF,1.0,DNF,Correct,DNF
283,132.69660961003825,1,132.69660961003825,132.86975376573906,DNF,1,0,132.69660961003825,133.30889449890373,0.17314415570080918,0.5595683587423333,132.86975376573906,133.86846285764605,False,False,0.0,0.4391407331646633,0.17314415570080918,0.9987090919069966,1.0,1.0,Correct,Correct
284,133.34146269082407,1,133.34146269082407,134.41737923690835,DNF,0,1,133.34146269082407,134.41737923690835,1.0759165460842646,0.03065651284520008,134.41737923690835,134.44803574975356,False,False,0.0,0.0,1.0759165460842646,0.03065651284520008,1.0,1.5,Correct,Correct
285,134.28293189686568,1,134.28293189686568,135.46823106124907,DNF,1,1,134.28293189686568,135.46823106124907,1.18529916438339,0.048662051394625226,135.46823106124907,135.5168931126437,False,False,0.0,0.0,1.18529916438339,0.048662051394625226,1.0,1.0,Correct,Correct
286,134.48048071676212,1,134.48048071676212,134.77266103714936,DNF,0,0,134.48048071676212,134.77266103714936,0.29218032038724245,2.2114888469989977,134.77266103714936,136.98414988414837,False,False,0.0,0.0,0.29218032038724245,2.2114888469989977,1.0,1.0,Correct,Incorrect
287,135.39901785145457,0,135.39901785145457,DNF,DNF,0,DNF,135.39901785145457,DNF,1.9392617642326802,DNF,137.33827961568724,DNF,False,DNF,0.0,DNF,1.9392617642326802,DNF,1.0,DNF,Correct,DNF
288,135.90020347657156,False,135.90020347657156,137.30206610981926,137.30206610981926,1,N/A,135.90020347657156,N\A,1.4018626332477098,0,137.30206610981926,N/A,False,True,0.0,0,1.4018626332477098,1,1.0,2.5,Correct,Correct
289,135.98769214273892,1,135.98769214273892,137.85510673319843,DNF,1,0,137.30206610981926,139.8012172157602,0.5530406233791694,0.13922669657384043,137.85510673319843,139.94044391233405,False,False,1.3143739670803427,1.946110482561778,1.867414590459512,2.0853371791356183,1.0,1.5,Correct,Incorrect
290,136.34524885276338,0,136.34524885276338,DNF,DNF,0,DNF,137.33827961568724,DNF,1.1121844519509478,DNF,138.4504640676382,DNF,False,DNF,0.9930307629238655,DNF,2.1052152148748133,DNF,1.5,DNF,Correct,DNF
291,136.5309446633925,1,136.5309446633925,136.5309446633925,DNF,N/A,1,N\A,136.5309446633925,0,2.8519608747253673,N/A,139.38290553811785,True,False,0,0.0,10,2.8519608747253673,2.5,1.0,Correct,Incorrect
292,136.67760107667743,1,136.67760107667743,136.67760107667743,DNF,N/A,0,N\A,136.98414988414837,0,0.6453179729850957,N/A,137.62946785713345,True,False,0,0.30654880747093216,10,0.9518667804560279,2.5,1.0,Correct,Correct
293,136.81059565064064,1,136.81059565064064,136.81059565064064,DNF,N/A,0,N\A,137.62946785713345,0,0.09107389832946175,N/A,137.7205417554629,True,False,0,0.8188722064928129,10,0.9099461048222747,2.5,1.5,Correct,Correct
294,137.04603711605503,1,137.04603711605503,137.04603711605503,DNF,N/A,0,N\A,137.7205417554629,0,2.0806754602973125,N/A,139.8012172157602,True,False,0,0.6745046394078713,10,2.755180099705184,2.5,2.0,Correct,Incorrect
295,137.57350240511585,0,137.57350240511585,DNF,DNF,1,DNF,137.85510673319843,DNF,0.2214126336497398,DNF,138.07651936684817,DNF,False,DNF,0.2816043280825795,DNF,0.5030169617323192,DNF,2.0,DNF,Correct,DNF
296,137.7439377610948,False,137.7439377610948,138.24007292022497,138.24007292022497,1,N/A,138.07651936684817,N\A,0.16355355337681177,0,138.24007292022497,N/A,False,True,0.3325816057533757,0,0.49613515913018746,1,2.0,2.5,Correct,Correct
297,137.75423754925836,1,137.75423754925836,137.75423754925836,DNF,N/A,1,N\A,139.38290553811785,0,0.9106250994845849,N/A,140.29353063760243,True,False,0,1.6286679888594904,10,2.5392930883440754,2.5,2.0,Correct,Incorrect
298,138.26249038356198,False,138.26249038356198,138.27250665033296,138.27250665033296,1,N/A,138.26249038356198,N\A,0.010016266770965551,0,138.27250665033296,N/A,False,True,0.0,0,0.010016266770965551,1,2.0,2.5,Correct,Correct
299,138.32577191183077,False,138.32577191183077,138.8881414288613,138.8881414288613,1,N/A,138.32577191183077,N\A,0.5623695170305457,0,138.8881414288613,N/A,False,True,0.0,0,0.5623695170305457,1,1.0,2.5,Correct,Correct
300,139.09352703337194,1,139.09352703337194,139.3936756342227,DNF,0,0,139.09352703337194,139.94044391233405,0.3001486008507567,0.036161053128959494,139.3936756342227,139.976604965463,False,False,0.0,0.5467682781113581,0.3001486008507567,0.5829293312403175,1.0,2.0,Correct,Correct
301,139.24510228408317,False,139.24510228408317,139.2964041653333,139.2964041653333,1,N/A,139.24510228408317,N\A,0.05130188125013939,0,139.2964041653333,N/A,False,True,0.0,0,0.05130188125013939,1,1.0,2.5,Correct,Correct
302,139.6444681602002,1,139.6444681602002,140.34669652552276,DNF,1,0,139.6444681602002,140.34669652552276,0.7022283653225627,0.030555757022486994,140.34669652552276,140.37725228254524,False,False,0.0,0.0,0.7022283653225627,0.030555757022486994,1.0,2.0,Correct,Correct
303,139.6558345872574,0,139.6558345872574,DNF,DNF,0,DNF,139.6558345872574,DNF,0.19077690192446367,DNF,139.84661148918187,DNF,False,DNF,0.0,DNF,0.19077690192446367,DNF,1.0,DNF,Correct,DNF
304,140.3262242899212,1,140.3262242899212,141.3015482240019,DNF,0,1,140.3262242899212,141.3015482240019,0.975323934080677,2.11606118102097,141.3015482240019,143.41760940502286,False,False,0.0,0.0,0.975323934080677,2.11606118102097,1.0,1.0,Correct,Incorrect
305,141.12118131510144,0,141.12118131510144,DNF,DNF,1,DNF,141.12118131510144,DNF,0.620761044090154,DNF,141.7419423591916,DNF,False,DNF,0.0,DNF,0.620761044090154,DNF,1.0,DNF,Correct,DNF
306,142.01223462756644,1,142.01223462756644,142.53428969012103,DNF,0,0,142.01223462756644,142.53428969012103,0.5220550625545783,2.2722048131045147,142.53428969012103,144.80649450322554,False,False,0.0,0.0,0.5220550625545783,2.2722048131045147,1.0,1.0,Correct,Incorrect
307,142.24945834915903,False,142.24945834915903,150.70016655272443,150.70016655272443,1,N/A,142.24945834915903,N\A,8.450708203565409,0,150.70016655272443,N/A,False,True,0.0,0,8.450708203565409,1,1.0,2.5,Correct,Correct
308,142.554329086125,False,142.554329086125,144.9450825565463,144.9450825565463,0,N/A,142.554329086125,N\A,2.390753470421321,0,144.9450825565463,N/A,False,True,0.0,0,2.390753470421321,1,1.0,2.5,Correct,Correct
309,142.90794878308418,0,142.90794878308418,DNF,DNF,0,DNF,144.9450825565463,DNF,0.9195635868893066,DNF,145.8646461434356,DNF,False,DNF,2.0371337734621306,DNF,2.9566973603514373,DNF,1.0,DNF,Correct,DNF
310,143.05150681510477,1,143.05150681510477,145.97778843293165,DNF,0,1,145.8646461434356,146.60529421346246,0.11314228949604202,0.06145316665083616,145.97778843293165,146.6667473801133,False,False,2.813139328330834,0.6275057805308109,2.9262816178268762,0.688958947181647,1.5,2.0,Correct,Correct
311,143.82924855819294,1,143.82924855819294,143.82924855819294,DNF,N/A,1,N\A,143.82924855819294,0,1.1331007419550039,N/A,144.96234930014793,True,False,0,0.0,10,1.1331007419550039,2.5,1.0,Correct,Incorrect
312,144.2670719985995,1,144.2670719985995,144.2670719985995,DNF,N/A,0,N\A,144.80649450322554,0,2.004062318410889,N/A,146.81055682163642,True,False,0,0.5394225046260317,10,2.5434848230369207,2.5,1.0,Correct,Incorrect
313,144.33574769192595,1,144.33574769192595,144.33574769192595,DNF,N/A,1,N\A,144.96234930014793,0,0.5125265141467942,N/A,145.47487581429473,True,False,0,0.6266016082219892,10,1.1391281223687835,2.5,1.5,Correct,Incorrect
314,144.5214312207403,False,144.5214312207403,144.5214312207403,144.5214312207403,N/A,N/A,N\A,N\A,0,0,N/A,N/A,True,True,0,0,10,1,2.5,2.5,Correct,Correct
315,144.68841599127785,False,144.68841599127785,144.68841599127785,144.68841599127785,N/A,N/A,N\A,N\A,0,0,N/A,N/A,True,True,0,0,10,1,2.5,2.5,Correct,Correct
316,144.93773028678402,1,144.93773028678402,144.93773028678402,DNF,N/A,1,N\A,145.47487581429473,0,1.1304183991677292,N/A,146.60529421346246,True,False,0,0.5371455275107166,10,1.6675639266784459,2.5,2.0,Correct,Incorrect
317,145.68641358089707,0,145.68641358089707,DNF,DNF,0,DNF,145.97778843293165,DNF,0.03867987006720713,DNF,146.01646830299885,DNF,False,DNF,0.29137485203457913,DNF,0.33005472210178627,DNF,2.0,DNF,Correct,DNF
318,146.00186570869462,1,146.00186570869462,147.86430651150627,DNF,0,1,146.01646830299885,147.86430651150627,1.8478382085074125,0.6647922411123366,147.86430651150627,148.5290987526186,False,False,0.014602594304221839,0.0,1.8624408028116344,0.6647922411123366,2.0,1.5,Correct,Correct
319,147.37793382910687,1,147.37793382910687,148.18046727554204,DNF,0,1,147.86430651150627,148.5290987526186,0.3161607640357805,4.25613825679184,148.18046727554204,152.78523700941045,False,False,0.4863726823994057,0.34863147707656594,0.8025334464351861,4.604769733868406,1.5,1.0,Correct,Incorrect
320,147.81762004775223,0,147.81762004775223,DNF,DNF,0,DNF,148.18046727554204,DNF,2.7674148122697186,DNF,150.94788208781176,DNF,False,DNF,0.36284722778981404,DNF,3.1302620400595327,DNF,1.5,DNF,Correct,DNF
321,147.9700436371856,1,147.9700436371856,152.96656252165045,DNF,1,1,150.70016655272443,152.96656252165045,2.2663959689260134,0.1364174734328638,152.96656252165045,153.1029799950833,False,False,2.7301229155388285,0.0,4.996518884464842,0.1364174734328638,2.0,1.0,Correct,Correct
322,147.97573819916883,1,147.97573819916883,147.97573819916883,DNF,N/A,0,N\A,147.97573819916883,0,1.2489825625715854,N/A,149.22472076174043,True,False,0,0.0,10,1.2489825625715854,2.5,1.0,Correct,Incorrect
323,148.5032193753994,False,148.5032193753994,151.40246871071298,151.40246871071298,0,N/A,150.94788208781176,N\A,0.45458662290120855,0,151.40246871071298,N/A,False,True,2.4446627124123665,0,2.8992493353135753,1,2.0,2.5,Correct,Correct
324,148.81763721545425,1,148.81763721545425,148.81763721545425,DNF,N/A,0,N\A,149.22472076174043,0,0.15036183618744328,N/A,149.37508259792787,True,False,0,0.4070835462861737,10,0.557445382473617,2.5,1.5,Correct,Correct
325,149.52669853452585,1,149.52669853452585,149.52669853452585,DNF,N/A,0,N\A,149.52669853452585,0,0.360513400272238,N/A,149.88721193479807,True,False,0,0.0,10,0.360513400272238,2.5,1.5,Correct,Correct
326,150.10565119937752,1,150.10565119937752,150.10565119937752,DNF,N/A,0,N\A,150.10565119937752,0,1.7891577527898537,N/A,151.89480895216738,True,False,0,0.0,10,1.7891577527898537,2.5,1.0,Correct,Incorrect
327,150.2642412035179,1,150.2642412035179,150.2642412035179,DNF,N/A,0,N\A,151.89480895216738,0,0.18370770237792172,N/A,152.0785166545453,True,False,0,1.6305677486494687,10,1.8142754510273904,2.5,1.0,Correct,Incorrect
328,150.43593893131197,1,150.43593893131197,150.43593893131197,DNF,N/A,0,N\A,152.0785166545453,0,0.03393542253960696,N/A,152.1124520770849,True,False,0,1.6425777232333303,10,1.6765131457729372,2.5,1.5,Correct,Incorrect
329,150.5633399421426,False,150.5633399421426,150.5633399421426,150.5633399421426,N/A,N/A,N\A,N\A,0,0,N/A,N/A,True,True,0,0,10,1,2.5,2.5,Correct,Correct
330,150.63388374218582,False,150.63388374218582,150.63388374218582,150.63388374218582,N/A,N/A,N\A,N\A,0,0,N/A,N/A,True,True,0,0,10,1,2.5,2.5,Correct,Correct
331,150.71669953624124,0,150.71669953624124,DNF,DNF,0,DNF,151.40246871071298,DNF,0.06417641529232405,DNF,151.46664512600532,DNF,False,DNF,0.6857691744717442,DNF,0.7499455897640683,DNF,2.0,DNF,Correct,DNF
332,151.08471488401997,1,151.08471488401997,153.75701129572002,DNF,0,1,151.46664512600532,153.75701129572002,2.290366169714714,6.431917643599166,153.75701129572002,160.1889289393192,False,False,0.3819302419853443,0.0,2.6722964117000583,6.431917643599166,2.0,1.0,Correct,Incorrect
333,151.62141561915234,1,151.62141561915234,154.28686474348285,DNF,1,0,152.96656252165045,154.28686474348285,1.3203022218324008,1.4797584116390567,154.28686474348285,155.76662315512192,False,False,1.3451469024981009,0.0,2.6654491243305016,1.4797584116390567,2.0,1.0,Correct,Incorrect
334,152.503964749578,1,152.503964749578,154.93415243850225,DNF,0,0,153.75701129572002,155.76662315512192,1.1771411427822265,1.5484422754838296,154.93415243850225,157.31506543060576,False,False,1.2530465461420306,0.8324707166196674,2.4301876889242573,2.380912992103497,2.0,1.0,Correct,Incorrect
335,152.85416581971717,1,152.85416581971717,152.85416581971717,DNF,N/A,0,N\A,152.85416581971717,0,0.4850064047735704,N/A,153.33917222449074,True,False,0,0.0,10,0.4850064047735704,2.5,2.0,Correct,Correct
336,154.10387905690348,0,154.10387905690348,DNF,DNF,1,DNF,154.28686474348285,DNF,1.0654144564987478,DNF,155.3522791999816,DNF,False,DNF,0.18298568657937153,DNF,1.2484001430781193,DNF,2.0,DNF,Correct,DNF
337,154.42974865463844,False,154.42974865463844,DNF,DNF,0,DNF,154.93415243850225,DNF,1.1256150503541722,DNF,156.05976748885644,DNF,False,DNF,0.5044037838638076,DNF,1.6300188342179798,DNF,1.5,DNF,Correct,DNF
338,154.67327158718115,0,154.67327158718115,DNF,DNF,1,DNF,155.3522791999816,DNF,0.413680017534557,DNF,155.76595921751615,DNF,False,DNF,0.6790076128004614,DNF,1.0926876303350184,DNF,1.5,DNF,Correct,DNF
339,155.68484727433366,False,155.68484727433366,DNF,DNF,1,DNF,155.76595921751615,DNF,4.066490115936705,DNF,159.83244933345287,DNF,False,DNF,0.08111194318249204,DNF,4.147602059119197,DNF,2.0,DNF,Correct,DNF
