2,1,12.5,48,5,2,2,0.666666666666,0.8,0,"[250, 126]","[13, 31]","[11, 7]",0.08309273003912071,0.08669718993785382,0.08324768661650038
2,2,12.5,48,5,2,2,0.666666666666,0.8,0,"[250, 126]","[13, 31]","[13, 8]",0.08472390384875425,0.08386065831998202,0.08472567316853853
2,3,12.5,48,5,2,2,0.666666666666,0.8,0,"[250, 126]","[13, 31]","[15, 8]",0.08629795096788226,0.08720253544259078,0.08384345232836853
2,4,12.5,48,5,2,2,0.666666666666,0.8,0,"[250, 126]","[13, 31]","[16, 8]",0.08294684804432081,0.08270872522870679,0.08599386640942028
2,5,12.5,48,5,2,2,0.666666666666,0.8,0,"[250, 126]","[13, 31]","[18, 9]",0.08390790913231666,0.084358856630011,0.08331540249342803
2,6,12.5,48,5,2,2,0.666666666666,0.8,0,"[250, 126]","[13, 31]","[19, 9]",0.08434233848239855,0.08464632566722372,0.08365040596852232
2,7,12.5,48,5,2,2,0.666666666666,0.8,0,"[250, 126]","[13, 31]","[20, 10]",0.0843708687619372,0.0841613827908726,0.08523460408006817
2,8,12.5,48,5,2,2,0.666666666666,0.8,0,"[250, 126]","[13, 31]","[21, 10]",0.08420716515833004,0.0847234254860105,0.08413002407996303
2,9,12.5,48,5,2,2,0.666666666666,0.8,0,"[250, 126]","[13, 31]","[22, 10]",0.08412402375927965,0.08539685488575605,0.0849692033476966
2,10,12.5,48,5,2,2,0.666666666666,0.8,0,"[250, 126]","[13, 31]","[24, 10]",0.08409071673676294,0.08339793776124753,0.08309433713998993
2,11,12.5,48,5,2,2,0.666666666666,0.8,0,"[250, 126]","[13, 31]","[25, 11]",0.08343162222745087,0.0845297815862302,0.08525946171863918
2,12,12.5,48,5,2,2,0.666666666666,0.8,0,"[250, 126]","[13, 31]","[26, 11]",0.08430072072853047,0.08559444139571451,0.08351750679095192
2,13,12.5,48,5,2,2,0.666666666666,0.8,0,"[250, 126]","[13, 31]","[26, 11]",0.08424905360501424,0.08532179690429444,0.08439688488235056
2,14,12.5,48,5,2,2,0.666666666666,0.8,0,"[250, 126]","[13, 31]","[28, 11]",0.08410370241603322,0.08360156419577479,0.08405628081041427
2,15,12.5,48,5,2,2,0.666666666666,0.8,0,"[250, 126]","[13, 31]","[30, 11]",0.08369385076175423,0.08438750321936178,0.08454235747178647
2,16,12.5,48,5,2,2,0.666666666666,0.8,0,"[250, 126]","[13, 31]","[32, 12]",0.08475542035794491,0.08490103499334886,0.08403794154251303
2,17,12.5,48,5,2,2,0.666666666666,0.8,0,"[250, 126]","[13, 31]","[34, 12]",0.08422459734781211,0.08403054178099456,0.08443874326376566
2,18,12.5,48,5,2,2,0.666666666666,0.8,0,"[250, 126]","[13, 31]","[33, 12]",0.08382629801862042,0.08407187069848393,0.08397333759071363
2,19,12.5,48,5,2,2,0.666666666666,0.8,0,"[250, 126]","[13, 31]","[34, 13]",0.0834736748449575,0.08397180181766131,0.0852933156049883
2,20,12.5,48,5,2,2,0.666666666666,0.8,0,"[250, 126]","[13, 31]","[37, 12]",0.08456075683842225,0.08492116882827917,0.08545461477420602
2,21,12.5,48,5,2,2,0.666666666666,0.8,0,"[250, 126]","[13, 31]","[39, 13]",0.08400011719097625,0.08486862142322178,0.08404254514239609
2,22,12.5,48,5,2,2,0.666666666666,0.8,0,"[250, 126]","[13, 31]","[40, 13]",0.08511444342587515,0.0857214776785146,0.08505068639689298
2,23,12.5,48,5,2,2,0.666666666666,0.8,0,"[250, 126]","[13, 31]","[42, 13]",0.08475793284953803,0.08478067413114804,0.08538504073225542
2,24,12.5,48,5,2,2,0.666666666666,0.8,0,"[250, 126]","[13, 31]","[45, 13]",0.08539735064935726,0.0853752979002958,0.08558982422191427
2,25,12.5,48,5,2,2,0.666666666666,0.8,0,"[250, 126]","[13, 31]","[44, 13]",0.08546644702745704,0.08535097816143053,0.0851550418929041
2,26,12.5,48,5,2,2,0.666666666666,0.8,0,"[250, 126]","[13, 31]","[46, 13]",0.085718896828271,0.085779398116336,0.08640641982505876
2,27,12.5,48,5,2,2,0.666666666666,0.8,0,"[250, 126]","[13, 31]","[48, 13]",0.08712530167929597,0.08635137133589091,0.08647925934830539
2,28,12.5,48,5,2,2,0.666666666666,0.8,0,"[250, 126]","[13, 31]","[52, 14]",0.08681026076872678,0.08700163287725247,0.08607097405073352
2,29,12.5,48,5,2,2,0.666666666666,0.8,0,"[250, 126]","[13, 31]","[58, 14]",0.08796345494525647,0.08678326562198728,0.08790484411410802
2,30,12.5,48,5,2,2,0.666666666666,0.8,0,"[250, 126]","[13, 31]","[57, 14]",0.08690262330553146,0.08690735461124552,0.0881025987667297
2,31,12.5,48,5,2,2,0.666666666666,0.8,0,"[250, 126]","[13, 31]","[55, 15]",0.08841961535655206,0.08903583482747468,0.08864609975267508
2,32,12.5,48,5,2,2,0.666666666666,0.8,0,"[250, 126]","[13, 31]","[56, 15]",0.08919317740549429,0.09018519182730617,0.08851342486873731
2,33,12.5,48,5,2,2,0.666666666666,0.8,0,"[250, 126]","[13, 31]","[60, 15]",0.09004583463803455,0.09147574492849671,0.0902724517448285
2,34,12.5,48,5,2,2,0.666666666666,0.8,0,"[250, 126]","[13, 31]","[59, 15]",0.09018034253448932,0.091867295313523,0.08993191384141902
2,35,12.5,48,5,2,2,0.666666666666,0.8,0,"[250, 126]","[13, 31]","[58, 15]",0.09044905764436836,0.09212007205673924,0.09083216241702491
2,36,12.5,48,5,2,2,0.666666666666,0.8,0,"[250, 126]","[13, 31]","[56, 15]",0.09193585835506786,0.09316723538048165,0.0908984503034469
2,37,12.5,48,5,2,2,0.666666666666,0.8,0,"[250, 126]","[13, 31]","[54, 16]",0.09229940460746877,0.09414741468559414,0.09255317066195892
2,38,12.5,48,5,2,2,0.666666666666,0.8,0,"[250, 126]","[13, 31]","[52, 15]",0.09348575968239929,0.09586666418464175,0.0945024960601194
2,39,12.5,48,5,2,2,0.666666666666,0.8,0,"[250, 126]","[13, 31]","[50, 15]",0.09511807392437073,0.09938332765691626,0.09599353060344862
2,40,12.5,48,5,2,2,0.666666666666,0.8,0,"[250, 126]","[13, 31]","[49, 15]",0.09735115125704297,0.10140419635696639,0.0971282188190019
2,41,12.5,48,5,2,2,0.666666666666,0.8,0,"[250, 126]","[13, 31]","[47, 16]",0.09854407404186978,0.10411460283235341,0.0976667199869648
2,42,12.5,48,5,2,2,0.666666666666,0.8,0,"[250, 126]","[13, 31]","[45, 16]",0.10170506554327345,0.10734461424063953,0.09982768824064094
2,43,12.5,48,5,2,2,0.666666666666,0.8,0,"[250, 126]","[13, 31]","[43, 16]",0.10183360214897523,0.11017917648572587,0.10330720919565355
2,44,12.5,48,5,2,2,0.666666666666,0.8,0,"[250, 126]","[13, 31]","[41, 16]",0.10394464378935178,0.11332863010341951,0.10457736498346709
2,45,12.5,48,5,2,2,0.666666666666,0.8,0,"[250, 126]","[13, 31]","[39, 16]",0.10620146092622709,0.12285642173192242,0.10773836886919795
2,46,12.5,48,5,2,2,0.666666666666,0.8,0,"[250, 126]","[13, 31]","[38, 17]",0.10906835386680497,0.12427886585797807,0.11314487400699595
2,47,12.5,48,5,2,2,0.666666666666,0.8,0,"[250, 126]","[13, 31]","[36, 16]",0.11552742662228105,0.12928102048264747,0.11596939909380313
2,48,12.5,48,5,2,2,0.666666666666,0.8,0,"[250, 126]","[13, 31]","[34, 17]",0.11884218887937152,0.1380000136629534,0.11801991119100277
2,49,12.5,48,5,2,2,0.666666666666,0.8,0,"[250, 126]","[13, 31]","[32, 17]",0.12478644424480981,0.14381412415337597,0.12480085288779631
2,50,12.5,48,5,2,2,0.666666666666,0.8,0,"[250, 126]","[13, 31]","[31, 17]",0.1307812702236207,0.14632745266429184,0.12828503691960136
2,51,12.5,48,5,2,2,0.666666666666,0.8,0,"[250, 126]","[13, 31]","[29, 17]",0.1379586885936517,0.15895508998840485,0.1312921149936531
2,52,12.5,48,5,2,2,0.666666666666,0.8,0,"[250, 126]","[13, 31]","[28, 18]",0.1380998422508109,0.17226319292228714,0.14415731255790004
2,53,12.5,48,5,2,2,0.666666666666,0.8,0,"[250, 126]","[13, 31]","[26, 18]",0.15389456391800857,0.17460087504936903,0.14598172249752117
2,54,12.5,48,5,2,2,0.666666666666,0.8,0,"[250, 126]","[13, 31]","[25, 18]",0.16617748923928932,0.18689363623236888,0.15871764386281434
2,55,12.5,48,5,2,2,0.666666666666,0.8,0,"[250, 126]","[13, 31]","[24, 17]",0.17777443779687407,0.19496859213807793,0.1592589204693191
2,56,12.5,48,5,2,2,0.666666666666,0.8,0,"[250, 126]","[13, 31]","[23, 18]",0.2042121086544123,0.22163979724432067,0.1859723213391257
2,57,12.5,48,5,2,2,0.666666666666,0.8,0,"[250, 126]","[13, 31]","[22, 18]",0.25376285167774615,0.2300804107299821,0.20299312667921252
2,58,12.5,48,5,2,2,0.666666666666,0.8,0,"[250, 126]","[13, 31]","[21, 19]",0.27228191557724823,0.23516550450335688,0.2259542005364098
2,59,12.5,48,5,2,2,0.666666666666,0.8,0,"[250, 126]","[13, 31]","[20, 19]",0.304891656620861,0.24748665107853754,0.22693778357434452
2,60,12.5,48,5,2,2,0.666666666666,0.8,0,"[250, 126]","[13, 31]","[19, 20]",0.41256378253340376,0.2614850993957768,0.23561411618682288
2,61,12.5,48,5,2,2,0.666666666666,0.8,0,"[250, 126]","[13, 31]","[18, 20]",0.6009116004986363,0.2818572758527178,0.2659368662276166
2,62,12.5,48,5,2,2,0.666666666666,0.8,0,"[250, 126]","[13, 31]","[18, 20]",0.6905324898373897,0.30091220639804805,0.2894284682109003
2,63,12.5,48,5,2,2,0.666666666666,0.8,0,"[250, 126]","[13, 31]","[17, 21]",1.209900777417141,0.3159569894125588,0.30095871642281735
2,64,12.5,48,5,2,2,0.666666666666,0.8,0,"[250, 126]","[13, 31]","[16, 22]",1.4331988582867619,0.32907692763990937,0.30702584979839403
2,65,12.5,48,5,2,2,0.666666666666,0.8,0,"[250, 126]","[13, 31]","[16, 21]",1.594137279695375,0.33744301157525564,0.3367165093113066
2,66,12.5,48,5,2,2,0.666666666666,0.8,0,"[250, 126]","[13, 31]","[15, 22]",1.727729568082696,0.36705537107384695,0.357047440428747
2,67,12.5,48,5,2,2,0.666666666666,0.8,0,"[250, 126]","[13, 31]","[15, 23]",1.7875324826342127,0.37338385389317746,0.3842545419578617
2,68,12.5,48,5,2,2,0.666666666666,0.8,0,"[250, 126]","[13, 31]","[15, 23]",1.8494605127720707,0.40709659020234124,0.3942955727367667
2,69,12.5,48,5,2,2,0.666666666666,0.8,0,"[250, 126]","[13, 31]","[14, 24]",1.8547621340925313,0.4120072710022634,0.41385592987751696
2,70,12.5,48,5,2,2,0.666666666666,0.8,0,"[250, 126]","[13, 31]","[14, 25]",1.8965536375892165,0.420542328570528,0.42955056445219886
2,71,12.5,48,5,2,2,0.666666666666,0.8,0,"[250, 126]","[13, 31]","[14, 26]",1.8890909163590424,0.45259896204984423,0.4486150899146707
2,72,12.5,48,5,2,2,0.666666666666,0.8,0,"[250, 126]","[13, 31]","[13, 26]",1.9152162909071238,0.4765112956156657,0.4656769551671708
2,73,12.5,48,5,2,2,0.666666666666,0.8,0,"[250, 126]","[13, 31]","[13, 26]",1.9173773611565204,0.4793330992628529,0.4828430076638618
2,74,12.5,48,5,2,2,0.666666666666,0.8,0,"[250, 126]","[13, 31]","[13, 27]",1.9449179252635518,0.4957449334469254,0.5041957179447791
2,75,12.5,48,5,2,2,0.666666666666,0.8,0,"[250, 126]","[13, 31]","[13, 28]",1.93886983137853,0.5173956916783309,0.5195081424207777
2,76,12.5,48,5,2,2,0.666666666666,0.8,0,"[250, 126]","[13, 31]","[12, 28]",1.9504419579305539,0.5388267360943596,0.5348997611424751
2,77,12.5,48,5,2,2,0.666666666666,0.8,0,"[250, 126]","[13, 31]","[12, 29]",1.9550152561681315,0.5474732733721298,0.5475538351682971
2,78,12.5,48,5,2,2,0.666666666666,0.8,0,"[250, 126]","[13, 31]","[12, 30]",1.9598151709854656,0.5712044832249781,0.5767080203956353
2,79,12.5,48,5,2,2,0.666666666666,0.8,0,"[250, 126]","[13, 31]","[12, 31]",1.9582308885132247,0.5841719082572374,0.5880276307529915
2,80,12.5,48,5,2,2,0.666666666666,0.8,0,"[250, 126]","[13, 31]","[12, 32]",1.9667185818427328,0.5953997965652887,0.6017273283203693
2,81,12.5,48,5,2,2,0.666666666666,0.8,0,"[250, 126]","[13, 31]","[12, 32]",1.9667779020945675,0.6127018880881778,0.6196924279292699
2,82,12.5,48,5,2,2,0.666666666666,0.8,0,"[250, 126]","[13, 31]","[11, 33]",1.9714316861427252,0.6341129667302597,0.6314394044590217
2,83,12.5,48,5,2,2,0.666666666666,0.8,0,"[250, 126]","[13, 31]","[11, 35]",1.9726258370905765,0.6568170015730491,0.6511024755994756
2,84,12.5,48,5,2,2,0.666666666666,0.8,0,"[250, 126]","[13, 31]","[11, 35]",1.975005257970559,0.6601938597098648,0.6661375176631963
2,85,12.5,48,5,2,2,0.666666666666,0.8,0,"[250, 126]","[13, 31]","[11, 37]",1.976655537378632,0.6743590556677926,0.6844086779261083
2,86,12.5,48,5,2,2,0.666666666666,0.8,0,"[250, 126]","[13, 31]","[11, 35]",1.9827276860375727,0.6919625009722646,0.6837446225505863
2,87,12.5,48,5,2,2,0.666666666666,0.8,0,"[250, 126]","[13, 31]","[11, 36]",1.9802584865283452,0.7185243136234869,0.7053108759145561
2,88,12.5,48,5,2,2,0.666666666666,0.8,0,"[250, 126]","[13, 31]","[11, 37]",1.9882644455152985,0.734990943893705,0.719696526743103
2,89,12.5,48,5,2,2,0.666666666666,0.8,0,"[250, 126]","[13, 31]","[11, 36]",1.990284233133128,0.7347799107204066,0.734734396007884
2,90,12.5,48,5,2,2,0.666666666666,0.8,0,"[250, 126]","[13, 31]","[10, 36]",1.993818009731101,0.759714740632871,0.7451787482161614
2,91,12.5,48,5,2,2,0.666666666666,0.8,0,"[250, 126]","[13, 31]","[10, 36]",2.000734601423574,0.7665990310122509,0.7543276246998639
2,92,12.5,48,5,2,2,0.666666666666,0.8,0,"[250, 126]","[13, 31]","[10, 36]",1.9826714818782305,0.7846376316725437,0.7691265651899032
2,93,12.5,48,5,2,2,0.666666666666,0.8,0,"[250, 126]","[13, 31]","[10, 35]",1.9938121048398842,0.7964606308954214,0.7891533455657553
2,94,12.5,48,5,2,2,0.666666666666,0.8,0,"[250, 126]","[13, 31]","[10, 35]",1.9994495186763266,0.8078176840623693,0.7982012462404137
2,95,12.5,48,5,2,2,0.666666666666,0.8,0,"[250, 126]","[13, 31]","[10, 34]",1.994395245825939,0.8246676507872966,0.8151607533203633
2,96,12.5,48,5,2,2,0.666666666666,0.8,0,"[250, 126]","[13, 31]","[10, 34]",1.9953989778007852,0.836247472042716,0.8306179440686922
2,97,12.5,48,5,2,2,0.666666666666,0.8,0,"[250, 126]","[13, 31]","[10, 33]",1.9999509145269585,0.8427240689099083,0.8278615931111446
2,98,12.5,48,5,2,2,0.666666666666,0.8,0,"[250, 126]","[13, 31]","[10, 32]",1.9927323996886754,0.8582570405465844,0.8451877178030129
2,99,12.5,48,5,2,2,0.666666666666,0.8,0,"[250, 126]","[13, 31]","[10, 32]",2.011401518917734,0.8818373221744937,0.8503476413980854
2,100,12.5,48,5,2,2,0.666666666666,0.8,0,"[250, 126]","[13, 31]","[10, 31]",1.9998717474219907,0.891894318375038,0.8676116635352765
2,101,12.5,48,5,2,2,0.666666666666,0.8,0,"[250, 126]","[13, 31]","[10, 31]",2.0024716909576714,0.8955407947466385,0.8870159155796556
2,102,12.5,48,5,2,2,0.666666666666,0.8,0,"[250, 126]","[13, 31]","[9, 30]",2.006088350349696,0.9175705640625167,0.8985535966333439
2,103,12.5,48,5,2,2,0.666666666666,0.8,0,"[250, 126]","[13, 31]","[9, 29]",2.006187164212211,0.9228555345464504,0.9060707595177547
2,104,12.5,48,5,2,2,0.666666666666,0.8,0,"[250, 126]","[13, 31]","[9, 29]",2.012215571234969,0.9262838563556413,0.9117896283060233
2,105,12.5,48,5,2,2,0.666666666666,0.8,0,"[250, 126]","[13, 31]","[9, 28]",2.0049303480478606,0.9429293914963508,0.9195128469884671
2,106,12.5,48,5,2,2,0.666666666666,0.8,0,"[250, 126]","[13, 31]","[9, 27]",2.0137680640925963,0.9618077928002595,0.9357854450156025
2,107,12.5,48,5,2,2,0.666666666666,0.8,0,"[250, 126]","[13, 31]","[9, 27]",2.011323953346462,0.9641677154794656,0.9456327128079934
2,108,12.5,48,5,2,2,0.666666666666,0.8,0,"[250, 126]","[13, 31]","[9, 26]",2.0107675240315763,0.981342662602931,0.9568794659639623
2,109,12.5,48,5,2,2,0.666666666666,0.8,0,"[250, 126]","[13, 31]","[9, 26]",2.009391031575789,0.9873780703131921,0.971170190745381
2,110,12.5,48,5,2,2,0.666666666666,0.8,0,"[250, 126]","[13, 31]","[9, 25]",2.0161962418653907,1.0017184437001112,0.9719365097512153
2,111,12.5,48,5,2,2,0.666666666666,0.8,0,"[250, 126]","[13, 31]","[9, 24]",2.010131826858462,1.0090470762583565,0.9902506138925001
2,112,12.5,48,5,2,2,0.666666666666,0.8,0,"[250, 126]","[13, 31]","[9, 24]",2.0093830424861494,1.014356238531625,0.9906865140510166
2,113,12.5,48,5,2,2,0.666666666666,0.8,0,"[250, 126]","[13, 31]","[9, 23]",2.0178250347721427,1.0317463945378607,1.0027069080345676
2,114,12.5,48,5,2,2,0.666666666666,0.8,0,"[250, 126]","[13, 31]","[9, 23]",2.0160014489122418,1.040509168796518,1.0142244059632304
2,115,12.5,48,5,2,2,0.666666666666,0.8,0,"[250, 126]","[13, 31]","[9, 22]",2.021050620192458,1.0438807402667292,1.025229798358003
2,116,12.5,48,5,2,2,0.666666666666,0.8,0,"[250, 126]","[13, 31]","[9, 22]",2.022834208573983,1.0513132666912186,1.0394555313662415
2,117,12.5,48,5,2,2,0.666666666666,0.8,0,"[250, 126]","[13, 31]","[9, 21]",2.024360050913524,1.065561266539852,1.0516317180165349
2,118,12.5,48,5,2,2,0.666666666666,0.8,0,"[250, 126]","[13, 31]","[9, 21]",2.0242648444610456,1.081971442262011,1.046400692638155
2,119,12.5,48,5,2,2,0.666666666666,0.8,0,"[250, 126]","[13, 31]","[9, 20]",2.0253760668123033,1.0866919317631116,1.0592646729709416
2,120,12.5,48,5,2,2,0.666666666666,0.8,0,"[250, 126]","[13, 31]","[9, 20]",2.0283253460606234,1.094459469431257,1.0666338391573575
2,121,12.5,48,5,2,2,0.666666666666,0.8,0,"[250, 126]","[13, 31]","[9, 19]",2.026885650792217,1.1024804536408717,1.0807875148246142
2,122,12.5,48,5,2,2,0.666666666666,0.8,0,"[250, 126]","[13, 31]","[9, 19]",2.0265453804947655,1.1152035464348629,1.0843859426988829
2,123,12.5,48,5,2,2,0.666666666666,0.8,0,"[250, 126]","[13, 31]","[8, 18]",2.031658607575391,1.1205957794574488,1.0983723336251479
2,124,12.5,48,5,2,2,0.666666666666,0.8,0,"[250, 126]","[13, 31]","[8, 17]",2.031665556139494,1.1340054803006383,1.107517440885191
2,125,12.5,48,5,2,2,0.666666666666,0.8,0,"[250, 126]","[13, 31]","[8, 17]",2.045498843820269,1.1398569162537893,1.1137411251240386
2,126,12.5,48,5,2,2,0.666666666666,0.8,0,"[250, 126]","[13, 31]","[8, 17]",2.045792729042637,1.1546070386770368,1.1295240794230477
2,127,12.5,48,5,2,2,0.666666666666,0.8,0,"[250, 126]","[13, 31]","[8, 16]",2.0443815005906356,1.1517015702655256,1.126211671728591
2,128,12.5,48,5,2,2,0.666666666666,0.8,0,"[250, 126]","[13, 31]","[8, 16]",2.0460355588363095,1.1637854480490577,1.1421336128039015
2,129,12.5,48,5,2,2,0.666666666666,0.8,0,"[250, 126]","[13, 31]","[8, 15]",2.0536651005806137,1.1739413124616693,1.1401189196058652
2,130,12.5,48,5,2,2,0.666666666666,0.8,0,"[250, 126]","[13, 31]","[8, 15]",2.0521797403793505,1.1890484358906883,1.157118246312585
2,131,12.5,48,5,2,2,0.666666666666,0.8,0,"[250, 126]","[13, 31]","[8, 15]",2.050224972495022,1.2017533882593994,1.1654135014137204
2,132,12.5,48,5,2,2,0.666666666666,0.8,0,"[250, 126]","[13, 31]","[8, 14]",2.0639199609929966,1.2057503059096923,1.1805597010498956
2,133,12.5,48,5,2,2,0.666666666666,0.8,0,"[250, 126]","[13, 31]","[8, 14]",2.0673571953518493,1.2232020901204845,1.1801150659011541
2,134,12.5,48,5,2,2,0.666666666666,0.8,0,"[250, 126]","[13, 31]","[8, 14]",2.0701669369878806,1.2199429147773873,1.1851348811604476
2,135,12.5,48,5,2,2,0.666666666666,0.8,0,"[250, 126]","[13, 31]","[8, 13]",2.078466970870768,1.2325664784724253,1.2014328410256323
2,136,12.5,48,5,2,2,0.666666666666,0.8,0,"[250, 126]","[13, 31]","[8, 13]",2.0885487764284774,1.2451143528904192,1.2085876717391897
2,137,12.5,48,5,2,2,0.666666666666,0.8,0,"[250, 126]","[13, 31]","[8, 13]",2.098293911699062,1.2682579496502924,1.2202668252987283
2,138,12.5,48,5,2,2,0.666666666666,0.8,0,"[250, 126]","[13, 31]","[8, 12]",2.111336310826071,1.2623476342784377,1.2200722820701797
2,139,12.5,48,5,2,2,0.666666666666,0.8,0,"[250, 126]","[13, 31]","[8, 12]",2.1167259639318394,1.2801691461175633,1.2280661225575127
2,140,12.5,48,5,2,2,0.666666666666,0.8,0,"[250, 126]","[13, 31]","[8, 12]",2.129884324189828,1.2922421937715773,1.2444571286284243
2,141,12.5,48,5,2,2,0.666666666666,0.8,0,"[250, 126]","[13, 31]","[8, 12]",2.1307463001449647,1.2978273516533394,1.2439019034500047
2,142,12.5,48,5,2,2,0.666666666666,0.8,0,"[250, 126]","[13, 31]","[8, 11]",2.137327212294092,1.3124718995230837,1.2629079203693483
2,143,12.5,48,5,2,2,0.666666666666,0.8,0,"[250, 126]","[13, 31]","[8, 11]",2.1866978330602604,1.329621414147122,1.2723196204576381
2,144,12.5,48,5,2,2,0.666666666666,0.8,0,"[250, 126]","[13, 31]","[8, 11]",2.1815320671224723,1.3250691108792172,1.2793762722365303
2,145,12.5,48,5,2,2,0.666666666666,0.8,0,"[250, 126]","[13, 31]","[8, 11]",2.203410285058756,1.3463809321473936,1.292342992337957
2,146,12.5,48,5,2,2,0.666666666666,0.8,0,"[250, 126]","[13, 31]","[8, 11]",2.2302883096075625,1.351179971165313,1.2897855414962733
2,147,12.5,48,5,2,2,0.666666666666,0.8,0,"[250, 126]","[13, 31]","[8, 10]",2.230055414836746,1.3618155016488926,1.2976995940598697
2,148,12.5,48,5,2,2,0.666666666666,0.8,0,"[250, 126]","[13, 31]","[8, 10]",2.253331008648411,1.3746514103379126,1.3088673730703475
2,149,12.5,48,5,2,2,0.666666666666,0.8,0,"[250, 126]","[13, 31]","[8, 10]",2.266569620966577,1.3885997077917909,1.3144107679944481
2,150,12.5,48,5,2,2,0.666666666666,0.8,0,"[250, 126]","[13, 31]","[8, 10]",2.2915879717607455,1.3976618127670721,1.3202972447446715
2,151,12.5,48,5,2,2,0.666666666666,0.8,0,"[250, 126]","[13, 31]","[8, 10]",2.304588241120299,1.3997987487452315,1.3310888468901936
2,152,12.5,48,5,2,2,0.666666666666,0.8,0,"[250, 126]","[13, 31]","[8, 10]",2.300744232725299,1.4193947817180705,1.338234643399526
2,153,12.5,48,5,2,2,0.666666666666,0.8,0,"[250, 126]","[13, 31]","[8, 10]",2.331125994639613,1.433347758503702,1.3499284187226812
2,154,12.5,48,5,2,2,0.666666666666,0.8,0,"[250, 126]","[13, 31]","[8, 9]",2.3348715246115512,1.4409328387584797,1.3572370982575261
2,155,12.5,48,5,2,2,0.666666666666,0.8,0,"[250, 126]","[13, 31]","[8, 9]",2.336822097237054,1.4434012169396429,1.3604695809190765
2,156,12.5,48,5,2,2,0.666666666666,0.8,0,"[250, 126]","[13, 31]","[8, 9]",2.3649920103691717,1.4524519737966144,1.3748596317555144
2,157,12.5,48,5,2,2,0.666666666666,0.8,0,"[250, 126]","[13, 31]","[8, 9]",2.3640856461484554,1.4652893461349528,1.3762812640802522
2,158,12.5,48,5,2,2,0.666666666666,0.8,0,"[250, 126]","[13, 31]","[8, 9]",2.364515522554509,1.4831584156958115,1.3764515056904187
2,159,12.5,48,5,2,2,0.666666666666,0.8,0,"[250, 126]","[13, 31]","[8, 9]",2.3801579204656345,1.4889350390528362,1.3915306915113943
2,160,12.5,48,5,2,2,0.666666666666,0.8,0,"[250, 126]","[13, 31]","[8, 9]",2.3884586387091433,1.5000275405602375,1.3923763634509718
2,161,12.5,48,5,2,2,0.666666666666,0.8,0,"[250, 126]","[13, 31]","[8, 9]",2.3998041652110014,1.5132898793603442,1.40265033059889
2,162,12.5,48,5,2,2,0.666666666666,0.8,0,"[250, 126]","[13, 31]","[8, 8]",2.39307870003811,1.513465943017956,1.4130109543342602
2,163,12.5,48,5,2,2,0.666666666666,0.8,0,"[250, 126]","[13, 31]","[8, 8]",2.398340310312806,1.5206780285716675,1.418871316002119
2,164,12.5,48,5,2,2,0.666666666666,0.8,0,"[250, 126]","[13, 31]","[8, 8]",2.407623499120565,1.5330715400023331,1.4233544044721473
2,165,12.5,48,5,2,2,0.666666666666,0.8,0,"[250, 126]","[13, 31]","[8, 8]",2.4038133478574335,1.5405328923435277,1.435233128723604
2,166,12.5,48,5,2,2,0.666666666666,0.8,0,"[250, 126]","[13, 31]","[8, 8]",2.4110814520875072,1.5469035628941448,1.4416861654177595
2,167,12.5,48,5,2,2,0.666666666666,0.8,0,"[250, 126]","[13, 31]","[8, 8]",2.418769563267134,1.5594043087379261,1.4497104464988788
2,168,12.5,48,5,2,2,0.666666666666,0.8,0,"[250, 126]","[13, 31]","[8, 8]",2.4197519476626965,1.5684180448592744,1.4509978230244696
2,169,12.5,48,5,2,2,0.666666666666,0.8,0,"[250, 126]","[13, 31]","[8, 8]",2.4259517602576324,1.5772993572682714,1.4582567961377648
2,170,12.5,48,5,2,2,0.666666666666,0.8,0,"[250, 126]","[13, 31]","[8, 8]",2.431351070621592,1.5817785974657805,1.4686026162464039
2,171,12.5,48,5,2,2,0.666666666666,0.8,0,"[250, 126]","[13, 31]","[7, 8]",2.4322600916910084,1.5894215923792927,1.4694032036147455
2,172,12.5,48,5,2,2,0.666666666666,0.8,0,"[250, 126]","[13, 31]","[7, 8]",2.42911210483701,1.6017152578890417,1.4798968494551559
2,173,12.5,48,5,2,2,0.666666666666,0.8,0,"[250, 126]","[13, 31]","[7, 8]",2.4342989400686044,1.602527324706154,1.4833066939860498
2,174,12.5,48,5,2,2,0.666666666666,0.8,0,"[250, 126]","[13, 31]","[7, 7]",2.438826027620775,1.6115582684508671,1.4911479751773822
2,175,12.5,48,5,2,2,0.666666666666,0.8,0,"[250, 126]","[13, 31]","[7, 7]",2.4441095202698135,1.6159092009662888,1.4923612482366597
2,176,12.5,48,5,2,2,0.666666666666,0.8,0,"[250, 126]","[13, 31]","[7, 7]",2.4457329470229108,1.6259798583422602,1.501910016798861
2,177,12.5,48,5,2,2,0.666666666666,0.8,0,"[250, 126]","[13, 31]","[7, 7]",2.447925925323128,1.6314511227630344,1.5089030267038968
2,178,12.5,48,5,2,2,0.666666666666,0.8,0,"[250, 126]","[13, 31]","[7, 7]",2.448133298521905,1.6367483534045222,1.5188946604311873
2,179,12.5,48,5,2,2,0.666666666666,0.8,0,"[250, 126]","[13, 31]","[7, 7]",2.450113700520768,1.639800599684513,1.5194639101363108
2,180,12.5,48,5,2,2,0.666666666666,0.8,0,"[250, 126]","[13, 31]","[7, 7]",2.452209081034855,1.6523670776651798,1.5312956464818253
2,181,12.5,48,5,2,2,0.666666666666,0.8,0,"[250, 126]","[13, 31]","[7, 7]",2.453601987943508,1.6623114490620734,1.5289953454241563
2,182,12.5,48,5,2,2,0.666666666666,0.8,0,"[250, 126]","[13, 31]","[7, 7]",2.455097714589313,1.6661158229883062,1.5381348470590583
2,183,12.5,48,5,2,2,0.666666666666,0.8,0,"[250, 126]","[13, 31]","[7, 7]",2.4559031588411986,1.6719693145730155,1.547044980305392
2,184,12.5,48,5,2,2,0.666666666666,0.8,0,"[250, 126]","[13, 31]","[7, 7]",2.4618720514797388,1.68118252320301,1.5470764326129094
2,185,12.5,48,5,2,2,0.666666666666,0.8,0,"[250, 126]","[13, 31]","[7, 7]",2.458577463028656,1.6838425284148564,1.547445184276829
2,186,12.5,48,5,2,2,0.666666666666,0.8,0,"[250, 126]","[13, 31]","[7, 7]",2.461924325047911,1.6899839720956995,1.5648964439042816
2,187,12.5,48,5,2,2,0.666666666666,0.8,0,"[250, 126]","[13, 31]","[7, 7]",2.4622140366616936,1.6880740470765403,1.5710780676275802
2,188,12.5,48,5,2,2,0.666666666666,0.8,0,"[250, 126]","[13, 31]","[7, 7]",2.4646324867111176,1.6981271924544692,1.575838164932816
2,189,12.5,48,5,2,2,0.666666666666,0.8,0,"[250, 126]","[13, 31]","[7, 7]",2.4732534449214896,1.7000694391997622,1.5786562042837662
2,190,12.5,48,5,2,2,0.666666666666,0.8,0,"[250, 126]","[13, 31]","[7, 7]",2.464082099770787,1.7086454039833403,1.5830599665112153
2,191,12.5,48,5,2,2,0.666666666666,0.8,0,"[250, 126]","[13, 31]","[7, 7]",2.4727929975465797,1.7154166953739614,1.5862027407578225
2,192,12.5,48,5,2,2,0.666666666666,0.8,0,"[250, 126]","[13, 31]","[7, 7]",2.4759191976180466,1.7104656848574291,1.5911452854567505
2,193,12.5,48,5,2,2,0.666666666666,0.8,0,"[250, 126]","[13, 31]","[7, 6]",2.473452574743998,1.7267896299078607,1.5993353545267759
2,194,12.5,48,5,2,2,0.666666666666,0.8,0,"[250, 126]","[13, 31]","[7, 6]",2.472516045436434,1.7294199812534201,1.6054443161288572
2,195,12.5,48,5,2,2,0.666666666666,0.8,0,"[250, 126]","[13, 31]","[7, 6]",2.473721516090269,1.7434761866042896,1.6109734179439548
2,196,12.5,48,5,2,2,0.666666666666,0.8,0,"[250, 126]","[13, 31]","[7, 6]",2.478123056065575,1.736114744587427,1.607851541478899
2,197,12.5,48,5,2,2,0.666666666666,0.8,0,"[250, 126]","[13, 31]","[7, 6]",2.476100284948161,1.7483938349006685,1.6147311562196027
2,198,12.5,48,5,2,2,0.666666666666,0.8,0,"[250, 126]","[13, 31]","[7, 6]",2.4785241659327895,1.7512553972215739,1.6198683757351795
2,199,12.5,48,5,2,2,0.666666666666,0.8,0,"[250, 126]","[13, 31]","[7, 6]",2.480534789512497,1.7589144983226295,1.6329176425109457
2,200,12.5,48,5,2,2,0.666666666666,0.8,0,"[250, 126]","[13, 31]","[7, 6]",2.477759761554535,1.756673213020791,1.636243965875287
